dataset,sample,k,cluster,item,probability_above_1,probability_above_2,probability_above_3,probability_above_4,agreement_proportion
D5,full,2,1,U1,0.9576059850374065,0.8703241895261845,0.7082294264339152,0.3628428927680798,0.7082294264339152
D5,full,2,1,U2,0.9488778054862843,0.8728179551122195,0.7111388196176226,0.4010806317539485,0.7111388196176226
D5,full,2,1,U3,0.956359102244389,0.8719866999168745,0.6708229426433915,0.3171238570241064,0.6708229426433915
D5,full,2,1,U4,0.9472152950955943,0.8711554447215295,0.7098919368246052,0.31296758104738154,0.7098919368246052
D5,full,2,1,U5,0.9522028262676642,0.8724023275145469,0.6758104738154613,0.36034912718204487,0.6758104738154613
D5,full,2,1,CD1,0.9538653366583542,0.7809642560266001,0.6217788861180382,0.26724854530340814,0.6217788861180382
D5,full,2,1,CD2,0.9538653366583542,0.8748960931005819,0.6280133000831255,0.3640897755610973,0.6280133000831255
D5,full,2,1,CD3,0.9526184538653366,0.8719866999168745,0.6787198669991688,0.36990856192851207,0.6787198669991688
D5,full,2,1,CD4,0.9517871986699917,0.830423940149626,0.5876974231088944,0.27888611803823776,0.5876974231088944
D5,full,2,1,CD5,0.9530340814630092,0.7892768079800498,0.6300914380714879,0.34455527847049044,0.6300914380714879
D5,full,2,1,T1,0.9517871986699917,0.8740648379052369,0.6238570241064006,0.32418952618453867,0.6238570241064006
D5,full,2,1,T2,0.9538653366583542,0.8773898586866168,0.7190357439733999,0.35245220282626766,0.7190357439733999
D5,full,2,1,T3,0.9559434746467166,0.7967581047381546,0.6363258520365752,0.3325020781379884,0.6363258520365752
D5,full,2,1,T4,0.9551122194513716,0.8740648379052369,0.5847880299251871,0.2635078969243558,0.5847880299251871
D5,full,2,1,T5,0.9538653366583542,0.8769742310889443,0.6317539484621779,0.35910224438902744,0.6317539484621779
D5,full,2,1,CT1,0.9497090606816293,0.8221113881961762,0.6138819617622611,0.30756442227763925,0.6138819617622611
D5,full,2,1,CT2,0.9542809642560266,0.871571072319202,0.683291770573566,0.3574397339983375,0.683291770573566
D5,full,2,1,CT3,0.9576059850374065,0.7905236907730673,0.6213632585203658,0.35619285120532,0.6213632585203658
D5,full,2,1,CT4,0.9596841230257689,0.8308395677472984,0.6242726517040732,0.32128013300083125,0.6242726517040732
D5,full,2,1,CT5,0.9505403158769742,0.7909393183707398,0.6338320864505403,0.3192019950124688,0.6338320864505403
D5,full,2,1,AD1,0.9509559434746467,0.8811305070656692,0.656691604322527,0.3100581878636742,0.656691604322527
D5,full,2,1,AD2,0.9625935162094763,0.8798836242726517,0.6687448046550291,0.31504571903574397,0.6687448046550291
D5,full,2,1,AD3,0.958021612635079,0.8807148794679966,0.7169576059850374,0.45552784704904403,0.7169576059850374
D5,full,2,1,AD4,0.9526184538653366,0.8761429758935994,0.7082294264339152,0.3192019950124688,0.7082294264339152
D5,full,2,1,AD5,0.955527847049044,0.8744804655029094,0.6745635910224439,0.30756442227763925,0.6745635910224439
D5,full,2,2,U1,0.9951690821256038,0.9903381642512077,0.9855072463768116,0.004830917874396135,0.9855072463768116
D5,full,2,2,U2,0.9951690821256038,0.9806763285024155,0.004830917874396135,0.0,0.004830917874396135
D5,full,2,2,U3,0.9951690821256038,0.9855072463768116,0.00966183574879227,0.00966183574879227,0.00966183574879227
D5,full,2,2,U4,0.9951690821256038,0.9806763285024155,0.00966183574879227,0.004830917874396135,0.00966183574879227
D5,full,2,2,U5,0.9903381642512077,0.004830917874396135,0.004830917874396135,0.0,0.004830917874396135
D5,full,2,2,CD1,0.01932367149758454,0.014492753623188406,0.004830917874396135,0.0,0.004830917874396135
D5,full,2,2,CD2,0.9903381642512077,0.01932367149758454,0.00966183574879227,0.004830917874396135,0.00966183574879227
D5,full,2,2,CD3,0.9855072463768116,0.004830917874396135,0.004830917874396135,0.0,0.004830917874396135
D5,full,2,2,CD4,0.014492753623188406,0.004830917874396135,0.004830917874396135,0.004830917874396135,0.004830917874396135
D5,full,2,2,CD5,0.024154589371980676,0.014492753623188406,0.014492753623188406,0.004830917874396135,0.014492753623188406
D5,full,2,2,T1,0.9903381642512077,0.01932367149758454,0.004830917874396135,0.004830917874396135,0.004830917874396135
D5,full,2,2,T2,0.9903381642512077,0.9855072463768116,0.014492753623188406,0.004830917874396135,0.014492753623188406
D5,full,2,2,T3,0.01932367149758454,0.004830917874396135,0.004830917874396135,0.0,0.004830917874396135
D5,full,2,2,T4,0.9951690821256038,0.01932367149758454,0.00966183574879227,0.004830917874396135,0.00966183574879227
D5,full,2,2,T5,0.9855072463768116,0.014492753623188406,0.00966183574879227,0.004830917874396135,0.00966183574879227
D5,full,2,2,CT1,0.9855072463768116,0.9855072463768116,0.9855072463768116,0.004830917874396135,0.9855072463768116
D5,full,2,2,CT2,0.9951690821256038,0.9855072463768116,0.9806763285024155,0.004830917874396135,0.9806763285024155
D5,full,2,2,CT3,0.9806763285024155,0.9806763285024155,0.00966183574879227,0.004830917874396135,0.00966183574879227
D5,full,2,2,CT4,0.9951690821256038,0.9855072463768116,0.9855072463768116,0.014492753623188406,0.9855072463768116
D5,full,2,2,CT5,1.0,0.9903381642512077,0.9855072463768116,0.004830917874396135,0.9855072463768116
D5,full,2,2,AD1,0.9951690821256038,0.00966183574879227,0.0,0.0,0.0
D5,full,2,2,AD2,0.9806763285024155,0.9806763285024155,0.00966183574879227,0.00966183574879227,0.00966183574879227
D5,full,2,2,AD3,0.9903381642512077,0.9806763285024155,0.00966183574879227,0.00966183574879227,0.00966183574879227
D5,full,2,2,AD4,0.9903381642512077,0.014492753623188406,0.004830917874396135,0.004830917874396135,0.004830917874396135
D5,full,2,2,AD5,0.9951690821256038,0.014492753623188406,0.004830917874396135,0.0,0.004830917874396135
D5,full,3,1,U1,0.9541494727189362,0.8583218707015131,0.6813388353966071,0.3993580926180651,0.6813388353966071
D5,full,3,1,U2,0.9445208619899129,0.8610729023383769,0.6840898670334709,0.3943145346171481,0.6840898670334709
D5,full,3,1,U3,0.951856946354883,0.8606143970655663,0.6914259513984411,0.34800550206327374,0.6914259513984411
D5,full,3,1,U4,0.9426868408986704,0.8592388812471343,0.682714351215039,0.343878954607978,0.682714351215039
D5,full,3,1,U5,0.9477303988995873,0.8606143970655663,0.6964695093993581,0.35075653370013754,0.6964695093993581
D5,full,3,1,CD1,0.9509399358092618,0.8601558917927556,0.6859238881247134,0.2948188904172398,0.6859238881247134
D5,full,3,1,CD2,0.9504814305364512,0.8638239339752407,0.692801467216873,0.4016506189821183,0.692801467216873
D5,full,3,1,CD3,0.948188904172398,0.8601558917927556,0.6478679504814305,0.353966070609812,0.6478679504814305
D5,full,3,1,CD4,0.9477303988995873,0.8606143970655663,0.6464924346629987,0.30719853278312703,0.6464924346629987
D5,full,3,1,CD5,0.9504814305364512,0.8688674919761578,0.6937184777624943,0.3791838606143971,0.6937184777624943
D5,full,3,1,T1,0.9486474094452086,0.8642824392480514,0.6872994039431454,0.3576341127922971,0.6872994039431454
D5,full,3,1,T2,0.9509399358092618,0.8674919761577258,0.692801467216873,0.3356258596973865,0.692801467216873
D5,full,3,1,T3,0.9523154516276937,0.8766620816139385,0.7005960568546539,0.36634571297569923,0.7005960568546539
D5,full,3,1,T4,0.9513984410820725,0.8629069234296194,0.6432828977533241,0.2902338376891334,0.6432828977533241
D5,full,3,1,T5,0.9504814305364512,0.8665749656121046,0.6964695093993581,0.39614855570839064,0.6964695093993581
D5,full,3,1,CT1,0.9449793672627235,0.8519027968821642,0.6758367721228794,0.33883539660706097,0.6758367721228794
D5,full,3,1,CT2,0.9504814305364512,0.8601558917927556,0.6996790463090325,0.3420449335167354,0.6996790463090325
D5,full,3,1,CT3,0.9541494727189362,0.871160018340211,0.6854653828519028,0.3929390187987162,0.6854653828519028
D5,full,3,1,CT4,0.9573590096286108,0.8624484181568088,0.6872994039431454,0.35442457588262266,0.6872994039431454
D5,full,3,1,CT5,0.9472718936267767,0.8720770288858322,0.6987620357634112,0.35213204951856947,0.6987620357634112
D5,full,3,1,AD1,0.9458963778083448,0.8693259972489684,0.6221916552040349,0.33883539660706097,0.6221916552040349
D5,full,3,1,AD2,0.9591930307198533,0.8684089867033471,0.6364053186611646,0.3452544704264099,0.6364053186611646
D5,full,3,1,AD3,0.9546079779917469,0.869784502521779,0.6900504355800092,0.4030261348005502,0.6900504355800092
D5,full,3,1,AD4,0.9486474094452086,0.8642824392480514,0.6799633195781751,0.3493810178817056,0.6799633195781751
D5,full,3,1,AD5,0.9523154516276937,0.86336542870243,0.6437414030261348,0.33883539660706097,0.6437414030261348
D5,full,3,2,U1,0.9910714285714286,0.9866071428571429,0.96875,0.004464285714285714,0.96875
D5,full,3,2,U2,0.9955357142857143,0.9910714285714286,0.9776785714285714,0.46875,0.9776785714285714
D5,full,3,2,U3,1.0,0.9821428571428571,0.46875,0.013392857142857142,0.46875
D5,full,3,2,U4,0.9910714285714286,0.9866071428571429,0.9732142857142857,0.008928571428571428,0.9732142857142857
D5,full,3,2,U5,0.9955357142857143,0.9866071428571429,0.4732142857142857,0.45089285714285715,0.4732142857142857
D5,full,3,2,CD1,0.9821428571428571,0.008928571428571428,0.0,0.0,0.0
D5,full,3,2,CD2,0.9910714285714286,0.9866071428571429,0.0,0.0,0.0
D5,full,3,2,CD3,0.9955357142857143,0.9910714285714286,0.9821428571428571,0.5267857142857143,0.9821428571428571
D5,full,3,2,CD4,0.9955357142857143,0.5401785714285714,0.017857142857142856,0.004464285714285714,0.017857142857142856
D5,full,3,2,CD5,0.9821428571428571,0.017857142857142856,0.013392857142857142,0.008928571428571428,0.013392857142857142
D5,full,3,2,T1,0.9866071428571429,0.9732142857142857,0.008928571428571428,0.0,0.008928571428571428
D5,full,3,2,T2,0.9866071428571429,0.9776785714285714,0.9776785714285714,0.5178571428571429,0.9776785714285714
D5,full,3,2,T3,0.9910714285714286,0.017857142857142856,0.008928571428571428,0.004464285714285714,0.008928571428571428
D5,full,3,2,T4,0.9910714285714286,0.9821428571428571,0.017857142857142856,0.004464285714285714,0.017857142857142856
D5,full,3,2,T5,0.9910714285714286,0.9821428571428571,0.004464285714285714,0.0,0.004464285714285714
D5,full,3,2,CT1,0.9955357142857143,0.53125,0.013392857142857142,0.004464285714285714,0.013392857142857142
D5,full,3,2,CT2,0.9910714285714286,0.9821428571428571,0.5223214285714286,0.5089285714285714,0.5223214285714286
D5,full,3,2,CT3,0.9910714285714286,0.004464285714285714,0.0,0.0,0.0
D5,full,3,2,CT4,0.9866071428571429,0.5267857142857143,0.013392857142857142,0.0,0.013392857142857142
D5,full,3,2,CT5,0.9866071428571429,0.004464285714285714,0.004464285714285714,0.0,0.004464285714285714
D5,full,3,2,AD1,1.0,0.9955357142857143,0.9910714285714286,0.026785714285714284,0.9910714285714286
D5,full,3,2,AD2,0.9955357142857143,0.9910714285714286,0.9866071428571429,0.022321428571428572,0.9866071428571429
D5,full,3,2,AD3,0.9910714285714286,0.9910714285714286,0.9821428571428571,0.96875,0.9821428571428571
D5,full,3,2,AD4,0.9955357142857143,0.9955357142857143,0.9866071428571429,0.026785714285714284,0.9866071428571429
D5,full,3,2,AD5,0.9910714285714286,0.9866071428571429,0.9776785714285714,0.004464285714285714,0.9776785714285714
D5,full,3,3,U1,0.9951923076923077,0.9903846153846154,0.9855769230769231,0.009615384615384616,0.9855769230769231
D5,full,3,3,U2,0.9903846153846154,0.9759615384615384,0.004807692307692308,0.0,0.004807692307692308
D5,full,3,3,U3,0.9951923076923077,0.9855769230769231,0.014423076923076924,0.014423076923076924,0.014423076923076924
D5,full,3,3,U4,0.9951923076923077,0.9807692307692307,0.014423076923076924,0.009615384615384616,0.014423076923076924
D5,full,3,3,U5,0.9903846153846154,0.009615384615384616,0.009615384615384616,0.004807692307692308,0.009615384615384616
D5,full,3,3,CD1,0.02403846153846154,0.019230769230769232,0.004807692307692308,0.0,0.004807692307692308
D5,full,3,3,CD2,0.9855769230769231,0.019230769230769232,0.009615384615384616,0.004807692307692308,0.009615384615384616
D5,full,3,3,CD3,0.9855769230769231,0.004807692307692308,0.004807692307692308,0.0,0.004807692307692308
D5,full,3,3,CD4,0.014423076923076924,0.004807692307692308,0.004807692307692308,0.004807692307692308,0.004807692307692308
D5,full,3,3,CD5,0.02403846153846154,0.014423076923076924,0.014423076923076924,0.004807692307692308,0.014423076923076924
D5,full,3,3,T1,0.9855769230769231,0.019230769230769232,0.004807692307692308,0.004807692307692308,0.004807692307692308
D5,full,3,3,T2,0.9855769230769231,0.9807692307692307,0.014423076923076924,0.004807692307692308,0.014423076923076924
D5,full,3,3,T3,0.02403846153846154,0.009615384615384616,0.009615384615384616,0.0,0.009615384615384616
D5,full,3,3,T4,0.9951923076923077,0.02403846153846154,0.009615384615384616,0.004807692307692308,0.009615384615384616
D5,full,3,3,T5,0.9807692307692307,0.014423076923076924,0.009615384615384616,0.004807692307692308,0.009615384615384616
D5,full,3,3,CT1,0.9855769230769231,0.9855769230769231,0.9807692307692307,0.004807692307692308,0.9807692307692307
D5,full,3,3,CT2,0.9951923076923077,0.9855769230769231,0.9807692307692307,0.004807692307692308,0.9807692307692307
D5,full,3,3,CT3,0.9807692307692307,0.9807692307692307,0.009615384615384616,0.004807692307692308,0.009615384615384616
D5,full,3,3,CT4,0.9903846153846154,0.9807692307692307,0.9807692307692307,0.014423076923076924,0.9807692307692307
D5,full,3,3,CT5,0.9951923076923077,0.9855769230769231,0.9807692307692307,0.004807692307692308,0.9807692307692307
D5,full,3,3,AD1,0.9951923076923077,0.014423076923076924,0.004807692307692308,0.004807692307692308,0.004807692307692308
D5,full,3,3,AD2,0.9807692307692307,0.9807692307692307,0.009615384615384616,0.009615384615384616,0.009615384615384616
D5,full,3,3,AD3,0.9903846153846154,0.9759615384615384,0.009615384615384616,0.009615384615384616,0.009615384615384616
D5,full,3,3,AD4,0.9855769230769231,0.014423076923076924,0.004807692307692308,0.004807692307692308,0.004807692307692308
D5,full,3,3,AD5,0.9903846153846154,0.014423076923076924,0.004807692307692308,0.0,0.004807692307692308
D5,full,4,1,U1,0.9456289978678039,0.8331556503198294,0.6263326226012793,0.29850746268656714,0.6263326226012793
D5,full,4,1,U2,0.9339019189765458,0.8347547974413646,0.6284648187633263,0.2926439232409382,0.6284648187633263
D5,full,4,1,U3,0.9434968017057569,0.8352878464818764,0.6385927505330491,0.296908315565032,0.6385927505330491
D5,full,4,1,U4,0.9328358208955224,0.8352878464818764,0.6284648187633263,0.2889125799573561,0.6284648187633263
D5,full,4,1,U5,0.9381663113006397,0.8342217484008528,0.6439232409381663,0.29850746268656714,0.6439232409381663
D5,full,4,1,CD1,0.9408315565031983,0.8331556503198294,0.6295309168443497,0.28624733475479747,0.6295309168443497
D5,full,4,1,CD2,0.94136460554371,0.8395522388059702,0.6375266524520256,0.30010660980810233,0.6375266524520256
D5,full,4,1,CD3,0.9381663113006397,0.8336886993603412,0.6423240938166311,0.3006396588486141,0.6423240938166311
D5,full,4,1,CD4,0.9371002132196162,0.8363539445628998,0.6417910447761194,0.3006396588486141,0.6417910447761194
D5,full,4,1,CD5,0.9392324093816631,0.8427505330490405,0.6396588486140725,0.27505330490405117,0.6396588486140725
D5,full,4,1,T1,0.9376332622601279,0.8384861407249466,0.6332622601279317,0.3049040511727079,0.6332622601279317
D5,full,4,1,T2,0.9397654584221748,0.841684434968017,0.6396588486140725,0.28038379530916846,0.6396588486140725
D5,full,4,1,T3,0.9424307036247335,0.8518123667377399,0.6471215351812367,0.31289978678038377,0.6471215351812367
D5,full,4,1,T4,0.9429637526652452,0.8395522388059702,0.6369936034115139,0.2814498933901919,0.6369936034115139
D5,full,4,1,T5,0.9402985074626866,0.841684434968017,0.6417910447761194,0.2937100213219616,0.6417910447761194
D5,full,4,1,CT1,0.9344349680170576,0.8251599147121536,0.6215351812366737,0.2830490405117271,0.6215351812366737
D5,full,4,1,CT2,0.94136460554371,0.8347547974413646,0.6481876332622601,0.285181236673774,0.6481876332622601
D5,full,4,1,CT3,0.9440298507462687,0.8454157782515992,0.6295309168443497,0.2905117270788913,0.6295309168443497
D5,full,4,1,CT4,0.9482942430703625,0.8363539445628998,0.6321961620469083,0.3011727078891258,0.6321961620469083
D5,full,4,1,CT5,0.9371002132196162,0.8470149253731343,0.6455223880597015,0.296908315565032,0.6455223880597015
D5,full,4,1,AD1,0.9365671641791045,0.8464818763326226,0.6140724946695096,0.2867803837953092,0.6140724946695096
D5,full,4,1,AD2,0.9504264392324094,0.8448827292110874,0.6311300639658849,0.2947761194029851,0.6311300639658849
D5,full,4,1,AD3,0.9456289978678039,0.8459488272921108,0.6359275053304904,0.3033049040511727,0.6359275053304904
D5,full,4,1,AD4,0.9392324093816631,0.8406183368869936,0.6252665245202559,0.2974413646055437,0.6252665245202559
D5,full,4,1,AD5,0.9424307036247335,0.8368869936034116,0.6364605543710021,0.285181236673774,0.6364605543710021
D5,full,4,2,U1,0.9968652037617555,0.9968652037617555,0.9905956112852664,0.9811912225705329,0.9905956112852664
D5,full,4,2,U2,1.0,1.0,0.9968652037617555,0.987460815047022,0.9968652037617555
D5,full,4,2,U3,1.0,1.0,0.9937304075235109,0.6520376175548589,0.9937304075235109
D5,full,4,2,U4,1.0,0.9968652037617555,0.9937304075235109,0.664576802507837,0.9937304075235109
D5,full,4,2,U5,1.0,1.0,0.9968652037617555,0.6489028213166145,0.9968652037617555
D5,full,4,2,CD1,1.0,1.0,0.9905956112852664,0.3322884012539185,0.9905956112852664
D5,full,4,2,CD2,1.0,1.0,0.9937304075235109,0.9843260188087775,0.9937304075235109
D5,full,4,2,CD3,1.0,1.0,0.670846394984326,0.6614420062695925,0.670846394984326
D5,full,4,2,CD4,0.9968652037617555,0.9811912225705329,0.6551724137931034,0.335423197492163,0.6551724137931034
D5,full,4,2,CD5,1.0,1.0,0.9968652037617555,0.9811912225705329,0.9968652037617555
D5,full,4,2,T1,1.0,0.9968652037617555,0.9843260188087775,0.6551724137931034,0.9843260188087775
D5,full,4,2,T2,1.0,0.9968652037617555,0.9905956112852664,0.6520376175548589,0.9905956112852664
D5,full,4,2,T3,1.0,1.0,0.9968652037617555,0.6677115987460815,0.9968652037617555
D5,full,4,2,T4,1.0,0.9968652037617555,0.670846394984326,0.335423197492163,0.670846394984326
D5,full,4,2,T5,1.0,0.9968652037617555,0.9937304075235109,0.9843260188087775,0.9937304075235109
D5,full,4,2,CT1,1.0,0.9937304075235109,0.9811912225705329,0.658307210031348,0.9811912225705329
D5,full,4,2,CT2,0.9968652037617555,0.9968652037617555,0.9843260188087775,0.6614420062695925,0.9843260188087775
D5,full,4,2,CT3,1.0,0.9968652037617555,0.987460815047022,0.9811912225705329,0.987460815047022
D5,full,4,2,CT4,1.0,1.0,1.0,0.658307210031348,1.0
D5,full,4,2,CT5,0.9968652037617555,0.9937304075235109,0.9905956112852664,0.6614420062695925,0.9905956112852664
D5,full,4,2,AD1,1.0,0.9937304075235109,0.6677115987460815,0.6489028213166145,0.6677115987460815
D5,full,4,2,AD2,1.0,1.0,0.6677115987460815,0.6489028213166145,0.6677115987460815
D5,full,4,2,AD3,0.9968652037617555,0.9968652037617555,0.9968652037617555,0.9843260188087775,0.9968652037617555
D5,full,4,2,AD4,1.0,1.0,0.9937304075235109,0.658307210031348,0.9937304075235109
D5,full,4,2,AD5,1.0,1.0,0.670846394984326,0.6426332288401254,0.670846394984326
D5,full,4,3,U1,1.0,1.0,0.9953703703703703,0.004629629629629629,0.9953703703703703
D5,full,4,3,U2,1.0,1.0,0.9953703703703703,0.4675925925925926,0.9953703703703703
D5,full,4,3,U3,1.0,0.9953703703703703,0.4675925925925926,0.0,0.4675925925925926
D5,full,4,3,U4,0.9953703703703703,0.9907407407407407,0.9907407407407407,0.0,0.9907407407407407
D5,full,4,3,U5,1.0,0.9953703703703703,0.46296296296296297,0.46296296296296297,0.46296296296296297
D5,full,4,3,CD1,0.9953703703703703,0.0,0.0,0.0,0.0
D5,full,4,3,CD2,0.9953703703703703,0.9953703703703703,0.0,0.0,0.0
D5,full,4,3,CD3,1.0,1.0,0.9953703703703703,0.5324074074074074,0.9953703703703703
D5,full,4,3,CD4,1.0,0.5370370370370371,0.004629629629629629,0.0,0.004629629629629629
D5,full,4,3,CD5,0.9953703703703703,0.004629629629629629,0.0,0.0,0.0
D5,full,4,3,T1,0.9953703703703703,0.9907407407407407,0.0,0.0,0.0
D5,full,4,3,T2,1.0,1.0,1.0,0.5324074074074074,1.0
D5,full,4,3,T3,1.0,0.004629629629629629,0.0,0.0,0.0
D5,full,4,3,T4,0.9953703703703703,0.9907407407407407,0.0,0.0,0.0
D5,full,4,3,T5,0.9953703703703703,0.9953703703703703,0.0,0.0,0.0
D5,full,4,3,CT1,1.0,0.5370370370370371,0.004629629629629629,0.0,0.004629629629629629
D5,full,4,3,CT2,1.0,0.9953703703703703,0.5324074074074074,0.5277777777777778,0.5324074074074074
D5,full,4,3,CT3,1.0,0.0,0.0,0.0,0.0
D5,full,4,3,CT4,0.9953703703703703,0.5277777777777778,0.0,0.0,0.0
D5,full,4,3,CT5,1.0,0.0,0.0,0.0,0.0
D5,full,4,3,AD1,1.0,0.9953703703703703,0.9953703703703703,0.004629629629629629,0.9953703703703703
D5,full,4,3,AD2,1.0,0.9953703703703703,0.9907407407407407,0.0,0.9907407407407407
D5,full,4,3,AD3,1.0,1.0,1.0,0.9953703703703703,1.0
D5,full,4,3,AD4,0.9953703703703703,0.9953703703703703,0.9953703703703703,0.004629629629629629,0.9953703703703703
D5,full,4,3,AD5,1.0,1.0,0.9953703703703703,0.0,0.9953703703703703
D5,full,4,4,U1,1.0,1.0,1.0,0.0,1.0
D5,full,4,4,U2,1.0,1.0,0.0,0.0,0.0
D5,full,4,4,U3,1.0,0.995049504950495,0.0,0.0,0.0
D5,full,4,4,U4,0.995049504950495,0.9900990099009901,0.0,0.0,0.0
D5,full,4,4,U5,0.995049504950495,0.0049504950495049506,0.0049504950495049506,0.0,0.0049504950495049506
D5,full,4,4,CD1,0.0,0.0,0.0,0.0,0.0
D5,full,4,4,CD2,0.9900990099009901,0.0,0.0,0.0,0.0
D5,full,4,4,CD3,0.995049504950495,0.0,0.0,0.0,0.0
D5,full,4,4,CD4,0.0049504950495049506,0.0049504950495049506,0.0049504950495049506,0.0049504950495049506,0.0049504950495049506
D5,full,4,4,CD5,0.009900990099009901,0.0049504950495049506,0.0049504950495049506,0.0049504950495049506,0.0049504950495049506
D5,full,4,4,T1,1.0,0.009900990099009901,0.0,0.0,0.0
D5,full,4,4,T2,1.0,1.0,0.0049504950495049506,0.0,0.0049504950495049506
D5,full,4,4,T3,0.0049504950495049506,0.0,0.0,0.0,0.0
D5,full,4,4,T4,0.995049504950495,0.0,0.0,0.0,0.0
D5,full,4,4,T5,0.995049504950495,0.0049504950495049506,0.0049504950495049506,0.0,0.0049504950495049506
D5,full,4,4,CT1,0.995049504950495,0.995049504950495,0.995049504950495,0.0,0.995049504950495
D5,full,4,4,CT2,1.0,1.0,1.0,0.0049504950495049506,1.0
D5,full,4,4,CT3,0.995049504950495,0.995049504950495,0.0049504950495049506,0.0,0.0049504950495049506
D5,full,4,4,CT4,1.0,0.995049504950495,0.995049504950495,0.0049504950495049506,0.995049504950495
D5,full,4,4,CT5,1.0,1.0,1.0,0.0049504950495049506,1.0
D5,full,4,4,AD1,1.0,0.009900990099009901,0.0,0.0,0.0
D5,full,4,4,AD2,0.995049504950495,0.995049504950495,0.0,0.0,0.0
D5,full,4,4,AD3,1.0,0.995049504950495,0.0,0.0,0.0
D5,full,4,4,AD4,0.995049504950495,0.0,0.0,0.0,0.0
D5,full,4,4,AD5,1.0,0.009900990099009901,0.0049504950495049506,0.0,0.0049504950495049506
D5,full,5,1,U1,0.9454449152542372,0.8336864406779662,0.6271186440677966,0.2997881355932203,0.6271186440677966
D5,full,5,1,U2,0.934322033898305,0.8358050847457628,0.6302966101694916,0.2955508474576271,0.6302966101694916
D5,full,5,1,U3,0.9438559322033898,0.8363347457627118,0.6398305084745762,0.298728813559322,0.6398305084745762
D5,full,5,1,U4,0.9332627118644068,0.8358050847457628,0.6302966101694916,0.2913135593220339,0.6302966101694916
D5,full,5,1,U5,0.9385593220338984,0.8352754237288136,0.645656779661017,0.2992584745762712,0.645656779661017
D5,full,5,1,CD1,0.941207627118644,0.8342161016949152,0.6313559322033898,0.2876059322033898,0.6313559322033898
D5,full,5,1,CD2,0.9417372881355932,0.840572033898305,0.6398305084745762,0.3034957627118644,0.6398305084745762
D5,full,5,1,CD3,0.9385593220338984,0.8347457627118644,0.6435381355932204,0.3024364406779661,0.6435381355932204
D5,full,5,1,CD4,0.9369703389830508,0.8347457627118644,0.6408898305084746,0.3008474576271186,0.6408898305084746
D5,full,5,1,CD5,0.9396186440677966,0.84375,0.6414194915254238,0.2770127118644068,0.6414194915254238
D5,full,5,1,T1,0.9380296610169492,0.8389830508474576,0.6334745762711864,0.3061440677966102,0.6334745762711864
D5,full,5,1,T2,0.9401483050847458,0.8426906779661016,0.6408898305084746,0.28125,0.6408898305084746
D5,full,5,1,T3,0.9427966101694916,0.8527542372881356,0.6488347457627118,0.3151483050847458,0.6488347457627118
D5,full,5,1,T4,0.9433262711864406,0.840042372881356,0.638771186440678,0.2823093220338983,0.638771186440678
D5,full,5,1,T5,0.940677966101695,0.8421610169491526,0.6430084745762712,0.2960805084745763,0.6430084745762712
D5,full,5,1,CT1,0.9348516949152542,0.8257415254237288,0.621822033898305,0.2844279661016949,0.621822033898305
D5,full,5,1,CT2,0.9417372881355932,0.8358050847457628,0.649364406779661,0.2870762711864407,0.649364406779661
D5,full,5,1,CT3,0.944385593220339,0.8458686440677966,0.6297669491525424,0.2918432203389831,0.6297669491525424
D5,full,5,1,CT4,0.9486228813559322,0.8373940677966102,0.6345338983050848,0.3024364406779661,0.6345338983050848
D5,full,5,1,CT5,0.9369703389830508,0.846927966101695,0.6461864406779662,0.2976694915254237,0.6461864406779662
D5,full,5,1,AD1,0.9369703389830508,0.8463983050847458,0.6149364406779662,0.2876059322033898,0.6149364406779662
D5,full,5,1,AD2,0.9507415254237288,0.8458686440677966,0.631885593220339,0.2955508474576271,0.631885593220339
D5,full,5,1,AD3,0.9454449152542372,0.8463983050847458,0.6377118644067796,0.3050847457627119,0.6377118644067796
D5,full,5,1,AD4,0.9396186440677966,0.8416313559322034,0.6265889830508474,0.2981991525423729,0.6265889830508474
D5,full,5,1,AD5,0.9427966101694916,0.8379237288135594,0.6377118644067796,0.2849576271186441,0.6377118644067796
D5,full,5,2,U1,1.0,1.0,0.9953703703703703,0.004629629629629629,0.9953703703703703
D5,full,5,2,U2,1.0,1.0,0.9953703703703703,0.4675925925925926,0.9953703703703703
D5,full,5,2,U3,1.0,0.9953703703703703,0.4675925925925926,0.0,0.4675925925925926
D5,full,5,2,U4,0.9953703703703703,0.9907407407407407,0.9907407407407407,0.0,0.9907407407407407
D5,full,5,2,U5,1.0,0.9953703703703703,0.46296296296296297,0.46296296296296297,0.46296296296296297
D5,full,5,2,CD1,0.9953703703703703,0.0,0.0,0.0,0.0
D5,full,5,2,CD2,0.9953703703703703,0.9953703703703703,0.0,0.0,0.0
D5,full,5,2,CD3,1.0,1.0,0.9953703703703703,0.5324074074074074,0.9953703703703703
D5,full,5,2,CD4,1.0,0.5370370370370371,0.004629629629629629,0.0,0.004629629629629629
D5,full,5,2,CD5,0.9953703703703703,0.004629629629629629,0.0,0.0,0.0
D5,full,5,2,T1,0.9953703703703703,0.9907407407407407,0.0,0.0,0.0
D5,full,5,2,T2,1.0,1.0,1.0,0.5324074074074074,1.0
D5,full,5,2,T3,1.0,0.004629629629629629,0.0,0.0,0.0
D5,full,5,2,T4,0.9953703703703703,0.9907407407407407,0.0,0.0,0.0
D5,full,5,2,T5,0.9953703703703703,0.9953703703703703,0.0,0.0,0.0
D5,full,5,2,CT1,1.0,0.5370370370370371,0.004629629629629629,0.0,0.004629629629629629
D5,full,5,2,CT2,1.0,0.9953703703703703,0.5324074074074074,0.5277777777777778,0.5324074074074074
D5,full,5,2,CT3,1.0,0.0,0.0,0.0,0.0
D5,full,5,2,CT4,0.9953703703703703,0.5277777777777778,0.0,0.0,0.0
D5,full,5,2,CT5,1.0,0.0,0.0,0.0,0.0
D5,full,5,2,AD1,1.0,0.9953703703703703,0.9953703703703703,0.004629629629629629,0.9953703703703703
D5,full,5,2,AD2,1.0,0.9953703703703703,0.9907407407407407,0.0,0.9907407407407407
D5,full,5,2,AD3,1.0,1.0,1.0,0.9953703703703703,1.0
D5,full,5,2,AD4,0.9953703703703703,0.9953703703703703,0.9953703703703703,0.004629629629629629,0.9953703703703703
D5,full,5,2,AD5,1.0,1.0,0.9953703703703703,0.0,0.9953703703703703
D5,full,5,3,U1,1.0,1.0,1.0,0.0,1.0
D5,full,5,3,U2,1.0,1.0,0.0,0.0,0.0
D5,full,5,3,U3,1.0,0.995049504950495,0.0,0.0,0.0
D5,full,5,3,U4,0.995049504950495,0.9900990099009901,0.0,0.0,0.0
D5,full,5,3,U5,0.995049504950495,0.0049504950495049506,0.0049504950495049506,0.0,0.0049504950495049506
D5,full,5,3,CD1,0.0,0.0,0.0,0.0,0.0
D5,full,5,3,CD2,0.9900990099009901,0.0,0.0,0.0,0.0
D5,full,5,3,CD3,0.995049504950495,0.0,0.0,0.0,0.0
D5,full,5,3,CD4,0.0049504950495049506,0.0049504950495049506,0.0049504950495049506,0.0049504950495049506,0.0049504950495049506
D5,full,5,3,CD5,0.009900990099009901,0.0049504950495049506,0.0049504950495049506,0.0049504950495049506,0.0049504950495049506
D5,full,5,3,T1,1.0,0.009900990099009901,0.0,0.0,0.0
D5,full,5,3,T2,1.0,1.0,0.0049504950495049506,0.0,0.0049504950495049506
D5,full,5,3,T3,0.0049504950495049506,0.0,0.0,0.0,0.0
D5,full,5,3,T4,0.995049504950495,0.0,0.0,0.0,0.0
D5,full,5,3,T5,0.995049504950495,0.0049504950495049506,0.0049504950495049506,0.0,0.0049504950495049506
D5,full,5,3,CT1,0.995049504950495,0.995049504950495,0.995049504950495,0.0,0.995049504950495
D5,full,5,3,CT2,1.0,1.0,1.0,0.0049504950495049506,1.0
D5,full,5,3,CT3,0.995049504950495,0.995049504950495,0.0049504950495049506,0.0,0.0049504950495049506
D5,full,5,3,CT4,1.0,0.995049504950495,0.995049504950495,0.0049504950495049506,0.995049504950495
D5,full,5,3,CT5,1.0,1.0,1.0,0.0049504950495049506,1.0
D5,full,5,3,AD1,1.0,0.009900990099009901,0.0,0.0,0.0
D5,full,5,3,AD2,0.995049504950495,0.995049504950495,0.0,0.0,0.0
D5,full,5,3,AD3,1.0,0.995049504950495,0.0,0.0,0.0
D5,full,5,3,AD4,0.995049504950495,0.0,0.0,0.0,0.0
D5,full,5,3,AD5,1.0,0.009900990099009901,0.0049504950495049506,0.0,0.0049504950495049506
D5,full,5,4,U1,1.0,1.0,1.0,1.0,1.0
D5,full,5,4,U2,1.0,1.0,1.0,0.9950980392156863,1.0
D5,full,5,4,U3,1.0,1.0,1.0,0.9852941176470589,1.0
D5,full,5,4,U4,1.0,1.0,0.9950980392156863,0.4950980392156863,0.9950980392156863
D5,full,5,4,U5,1.0,1.0,1.0,0.9901960784313726,1.0
D5,full,5,4,CD1,1.0,1.0,0.9901960784313726,0.49019607843137253,0.9901960784313726
D5,full,5,4,CD2,1.0,1.0,0.9901960784313726,0.9852941176470589,0.9901960784313726
D5,full,5,4,CD3,1.0,1.0,1.0,1.0,1.0
D5,full,5,4,CD4,1.0,0.9950980392156863,0.9950980392156863,0.5049019607843137,0.9950980392156863
D5,full,5,4,CD5,1.0,1.0,1.0,0.9950980392156863,1.0
D5,full,5,4,T1,1.0,1.0,0.9950980392156863,0.9950980392156863,0.9950980392156863
D5,full,5,4,T2,1.0,0.9950980392156863,0.9950980392156863,0.9950980392156863,0.9950980392156863
D5,full,5,4,T3,1.0,1.0,1.0,0.5,1.0
D5,full,5,4,T4,1.0,1.0,0.9950980392156863,0.5,0.9950980392156863
D5,full,5,4,T5,1.0,1.0,1.0,0.9950980392156863,1.0
D5,full,5,4,CT1,1.0,0.9950980392156863,0.9901960784313726,0.4950980392156863,0.9901960784313726
D5,full,5,4,CT2,0.9950980392156863,0.9950980392156863,0.9852941176470589,0.4950980392156863,0.9852941176470589
D5,full,5,4,CT3,1.0,1.0,1.0,1.0,1.0
D5,full,5,4,CT4,1.0,1.0,1.0,0.4950980392156863,1.0
D5,full,5,4,CT5,1.0,1.0,1.0,0.5049019607843137,1.0
D5,full,5,4,AD1,1.0,1.0,1.0,0.9901960784313726,1.0
D5,full,5,4,AD2,1.0,1.0,1.0,0.9901960784313726,1.0
D5,full,5,4,AD3,1.0,1.0,1.0,1.0,1.0
D5,full,5,4,AD4,1.0,1.0,1.0,0.5,1.0
D5,full,5,4,AD5,1.0,1.0,1.0,0.9901960784313726,1.0
D5,full,5,5,U1,1.0,1.0,1.0,1.0,1.0
D5,full,5,5,U2,1.0,1.0,1.0,1.0,1.0
D5,full,5,5,U3,1.0,1.0,1.0,0.0,1.0
D5,full,5,5,U4,1.0,1.0,1.0,1.0,1.0
D5,full,5,5,U5,1.0,1.0,1.0,0.0,1.0
D5,full,5,5,CD1,1.0,1.0,1.0,0.0,1.0
D5,full,5,5,CD2,1.0,1.0,1.0,1.0,1.0
D5,full,5,5,CD3,1.0,1.0,0.0,0.0,0.0
D5,full,5,5,CD4,1.0,1.0,0.0,0.0,0.0
D5,full,5,5,CD5,1.0,1.0,1.0,1.0,1.0
D5,full,5,5,T1,1.0,1.0,1.0,0.0,1.0
D5,full,5,5,T2,1.0,1.0,1.0,0.0,1.0
D5,full,5,5,T3,1.0,1.0,1.0,1.0,1.0
D5,full,5,5,T4,1.0,1.0,0.0,0.0,0.0
D5,full,5,5,T5,1.0,1.0,1.0,1.0,1.0
D5,full,5,5,CT1,1.0,1.0,1.0,1.0,1.0
D5,full,5,5,CT2,1.0,1.0,1.0,1.0,1.0
D5,full,5,5,CT3,1.0,1.0,1.0,1.0,1.0
D5,full,5,5,CT4,1.0,1.0,1.0,1.0,1.0
D5,full,5,5,CT5,1.0,1.0,1.0,1.0,1.0
D5,full,5,5,AD1,1.0,1.0,0.0,0.0,0.0
D5,full,5,5,AD2,1.0,1.0,0.0,0.0,0.0
D5,full,5,5,AD3,1.0,1.0,1.0,1.0,1.0
D5,full,5,5,AD4,1.0,1.0,1.0,1.0,1.0
D5,full,5,5,AD5,1.0,1.0,0.0,0.0,0.0
D5,full,6,1,U1,0.9354838709677419,0.7976539589442815,0.5659824046920822,0.2756598240469208,0.5659824046920822
D5,full,6,1,U2,0.9046920821114369,0.7551319648093842,0.4941348973607038,0.2126099706744868,0.4941348973607038
D5,full,6,1,U3,0.9120234604105572,0.7639296187683284,0.5542521994134897,0.24193548387096775,0.5542521994134897
D5,full,6,1,U4,0.875366568914956,0.7316715542521994,0.4868035190615836,0.20087976539589442,0.4868035190615836
D5,full,6,1,U5,0.9120234604105572,0.7771260997067448,0.5351906158357771,0.20674486803519063,0.5351906158357771
D5,full,6,1,CD1,0.9002932551319648,0.7448680351906158,0.5439882697947214,0.21114369501466276,0.5439882697947214
D5,full,6,1,CD2,0.9208211143695014,0.7917888563049853,0.5659824046920822,0.22727272727272727,0.5659824046920822
D5,full,6,1,CD3,0.8988269794721407,0.750733137829912,0.5263929618768328,0.20967741935483872,0.5263929618768328
D5,full,6,1,CD4,0.9310850439882697,0.8299120234604106,0.6480938416422287,0.312316715542522,0.6480938416422287
D5,full,6,1,CD5,0.9090909090909091,0.7727272727272727,0.5689149560117303,0.20381231671554254,0.5689149560117303
D5,full,6,1,T1,0.9017595307917888,0.7683284457478006,0.5645161290322581,0.26392961876832843,0.5645161290322581
D5,full,6,1,T2,0.907624633431085,0.7859237536656891,0.5967741935483871,0.24193548387096775,0.5967741935483871
D5,full,6,1,T3,0.906158357771261,0.8049853372434017,0.592375366568915,0.28005865102639294,0.592375366568915
D5,full,6,1,T4,0.8988269794721407,0.7375366568914956,0.5073313782991202,0.20527859237536658,0.5073313782991202
D5,full,6,1,T5,0.9134897360703812,0.7947214076246334,0.5879765395894428,0.26392961876832843,0.5879765395894428
D5,full,6,1,CT1,0.8695014662756598,0.6891495601173021,0.44868035190615835,0.18328445747800587,0.44868035190615835
D5,full,6,1,CT2,0.8812316715542522,0.6920821114369502,0.4413489736070381,0.1744868035190616,0.4413489736070381
D5,full,6,1,CT3,0.8958944281524927,0.749266862170088,0.4838709677419355,0.20821114369501467,0.4838709677419355
D5,full,6,1,CT4,0.9164222873900293,0.7756598240469208,0.5586510263929618,0.22727272727272727,0.5586510263929618
D5,full,6,1,CT5,0.9266862170087976,0.7888563049853372,0.5263929618768328,0.21994134897360704,0.5263929618768328
D5,full,6,1,AD1,0.8929618768328446,0.7536656891495601,0.4662756598240469,0.18035190615835778,0.4662756598240469
D5,full,6,1,AD2,0.9164222873900293,0.7521994134897361,0.5058651026392962,0.24926686217008798,0.5058651026392962
D5,full,6,1,AD3,0.9325513196480938,0.8372434017595308,0.6466275659824047,0.3152492668621701,0.6466275659824047
D5,full,6,1,AD4,0.9369501466275659,0.8460410557184751,0.6436950146627566,0.3284457478005865,0.6436950146627566
D5,full,6,1,AD5,0.8973607038123167,0.7448680351906158,0.4912023460410557,0.19648093841642228,0.4912023460410557
D5,full,6,2,U1,0.9512396694214876,0.8545454545454545,0.6619834710743802,0.3140495867768595,0.6619834710743802
D5,full,6,2,U2,0.9512396694214876,0.8818181818181818,0.7066115702479339,0.3421487603305785,0.7066115702479339
D5,full,6,2,U3,0.9619834710743802,0.8760330578512396,0.687603305785124,0.32975206611570246,0.687603305785124
D5,full,6,2,U4,0.9644628099173553,0.8925619834710744,0.7099173553719008,0.3413223140495868,0.7099173553719008
D5,full,6,2,U5,0.952892561983471,0.8669421487603306,0.7066115702479339,0.3512396694214876,0.7066115702479339
D5,full,6,2,CD1,0.9628099173553719,0.8826446280991735,0.6793388429752066,0.32975206611570246,0.6793388429752066
D5,full,6,2,CD2,0.9520661157024793,0.8669421487603306,0.6801652892561983,0.34545454545454546,0.6801652892561983
D5,full,6,2,CD3,0.9603305785123967,0.8818181818181818,0.7090909090909091,0.35537190082644626,0.7090909090909091
D5,full,6,2,CD4,0.9396694214876034,0.8363636363636363,0.6355371900826446,0.29338842975206614,0.6355371900826446
D5,full,6,2,CD5,0.956198347107438,0.8834710743801653,0.6818181818181818,0.31900826446280994,0.6818181818181818
D5,full,6,2,T1,0.9578512396694215,0.8776859504132232,0.6702479338842975,0.32892561983471075,0.6702479338842975
D5,full,6,2,T2,0.9586776859504132,0.8752066115702479,0.6669421487603305,0.30413223140495865,0.6669421487603305
D5,full,6,2,T3,0.9628099173553719,0.8785123966942149,0.6793388429752066,0.3338842975206612,0.6793388429752066
D5,full,6,2,T4,0.9669421487603306,0.8958677685950414,0.7115702479338843,0.3256198347107438,0.7115702479338843
D5,full,6,2,T5,0.9553719008264463,0.868595041322314,0.6735537190082644,0.3140495867768595,0.6735537190082644
D5,full,6,2,CT1,0.9710743801652892,0.9016528925619834,0.7181818181818181,0.34049586776859503,0.7181818181818181
D5,full,6,2,CT2,0.9760330578512396,0.9165289256198347,0.7661157024793388,0.3504132231404959,0.7661157024793388
D5,full,6,2,CT3,0.9710743801652892,0.8983471074380165,0.7107438016528925,0.33884297520661155,0.7107438016528925
D5,full,6,2,CT4,0.9661157024793389,0.8702479338842976,0.6760330578512397,0.343801652892562,0.6760330578512397
D5,full,6,2,CT5,0.9429752066115702,0.8785123966942149,0.7132231404958678,0.3421487603305785,0.7132231404958678
D5,full,6,2,AD1,0.9619834710743802,0.8983471074380165,0.6983471074380165,0.3487603305785124,0.6983471074380165
D5,full,6,2,AD2,0.9702479338842975,0.8983471074380165,0.7016528925619835,0.32148760330578513,0.7016528925619835
D5,full,6,2,AD3,0.952892561983471,0.8520661157024794,0.6330578512396694,0.3,0.6330578512396694
D5,full,6,2,AD4,0.9396694214876034,0.8380165289256198,0.6165289256198347,0.2809917355371901,0.6165289256198347
D5,full,6,2,AD5,0.968595041322314,0.8909090909090909,0.7206611570247934,0.3338842975206612,0.7206611570247934
D5,full,6,3,U1,1.0,1.0,1.0,0.0,1.0
D5,full,6,3,U2,1.0,1.0,0.0,0.0,0.0
D5,full,6,3,U3,1.0,1.0,0.0,0.0,0.0
D5,full,6,3,U4,1.0,0.9950248756218906,0.0,0.0,0.0
D5,full,6,3,U5,1.0,0.004975124378109453,0.004975124378109453,0.0,0.004975124378109453
D5,full,6,3,CD1,0.0,0.0,0.0,0.0,0.0
D5,full,6,3,CD2,0.9950248756218906,0.0,0.0,0.0,0.0
D5,full,6,3,CD3,1.0,0.0,0.0,0.0,0.0
D5,full,6,3,CD4,0.004975124378109453,0.004975124378109453,0.004975124378109453,0.004975124378109453,0.004975124378109453
D5,full,6,3,CD5,0.004975124378109453,0.0,0.0,0.0,0.0
D5,full,6,3,T1,1.0,0.004975124378109453,0.0,0.0,0.0
D5,full,6,3,T2,1.0,1.0,0.0,0.0,0.0
D5,full,6,3,T3,0.004975124378109453,0.0,0.0,0.0,0.0
D5,full,6,3,T4,1.0,0.0,0.0,0.0,0.0
D5,full,6,3,T5,0.9950248756218906,0.0,0.0,0.0,0.0
D5,full,6,3,CT1,1.0,1.0,1.0,0.0,1.0
D5,full,6,3,CT2,1.0,1.0,1.0,0.0,1.0
D5,full,6,3,CT3,1.0,1.0,0.004975124378109453,0.0,0.004975124378109453
D5,full,6,3,CT4,1.0,1.0,1.0,0.004975124378109453,1.0
D5,full,6,3,CT5,1.0,1.0,1.0,0.0,1.0
D5,full,6,3,AD1,1.0,0.004975124378109453,0.0,0.0,0.0
D5,full,6,3,AD2,0.9950248756218906,0.9950248756218906,0.0,0.0,0.0
D5,full,6,3,AD3,1.0,0.9950248756218906,0.0,0.0,0.0
D5,full,6,3,AD4,1.0,0.0,0.0,0.0,0.0
D5,full,6,3,AD5,1.0,0.004975124378109453,0.0,0.0,0.0
D5,full,6,4,U1,1.0,1.0,1.0,0.0,1.0
D5,full,6,4,U2,1.0,1.0,1.0,0.4672897196261682,1.0
D5,full,6,4,U3,1.0,1.0,0.4672897196261682,0.0,0.4672897196261682
D5,full,6,4,U4,1.0,1.0,1.0,0.0,1.0
D5,full,6,4,U5,1.0,1.0,0.4672897196261682,0.4672897196261682,0.4672897196261682
D5,full,6,4,CD1,1.0,0.0,0.0,0.0,0.0
D5,full,6,4,CD2,1.0,1.0,0.0,0.0,0.0
D5,full,6,4,CD3,1.0,1.0,1.0,0.5327102803738317,1.0
D5,full,6,4,CD4,1.0,0.5327102803738317,0.0,0.0,0.0
D5,full,6,4,CD5,1.0,0.0,0.0,0.0,0.0
D5,full,6,4,T1,1.0,1.0,0.0,0.0,0.0
D5,full,6,4,T2,1.0,1.0,1.0,0.5327102803738317,1.0
D5,full,6,4,T3,1.0,0.0,0.0,0.0,0.0
D5,full,6,4,T4,1.0,1.0,0.0,0.0,0.0
D5,full,6,4,T5,1.0,1.0,0.0,0.0,0.0
D5,full,6,4,CT1,1.0,0.5327102803738317,0.0,0.0,0.0
D5,full,6,4,CT2,1.0,1.0,0.5327102803738317,0.5327102803738317,0.5327102803738317
D5,full,6,4,CT3,1.0,0.0,0.0,0.0,0.0
D5,full,6,4,CT4,1.0,0.5327102803738317,0.0,0.0,0.0
D5,full,6,4,CT5,1.0,0.0,0.0,0.0,0.0
D5,full,6,4,AD1,1.0,1.0,1.0,0.0,1.0
D5,full,6,4,AD2,1.0,1.0,1.0,0.0,1.0
D5,full,6,4,AD3,1.0,1.0,1.0,1.0,1.0
D5,full,6,4,AD4,1.0,1.0,1.0,0.0,1.0
D5,full,6,4,AD5,1.0,1.0,1.0,0.0,1.0
D5,full,6,5,U1,1.0,1.0,1.0,1.0,1.0
D5,full,6,5,U2,1.0,1.0,1.0,1.0,1.0
D5,full,6,5,U3,1.0,1.0,1.0,0.0,1.0
D5,full,6,5,U4,1.0,1.0,1.0,1.0,1.0
D5,full,6,5,U5,1.0,1.0,1.0,0.0,1.0
D5,full,6,5,CD1,1.0,1.0,1.0,0.0,1.0
D5,full,6,5,CD2,1.0,1.0,1.0,1.0,1.0
D5,full,6,5,CD3,1.0,1.0,0.0,0.0,0.0
D5,full,6,5,CD4,1.0,1.0,0.0,0.0,0.0
D5,full,6,5,CD5,1.0,1.0,1.0,1.0,1.0
D5,full,6,5,T1,1.0,1.0,1.0,0.0,1.0
D5,full,6,5,T2,1.0,1.0,1.0,0.0,1.0
D5,full,6,5,T3,1.0,1.0,1.0,1.0,1.0
D5,full,6,5,T4,1.0,1.0,0.0,0.0,0.0
D5,full,6,5,T5,1.0,1.0,1.0,1.0,1.0
D5,full,6,5,CT1,1.0,1.0,1.0,1.0,1.0
D5,full,6,5,CT2,1.0,1.0,1.0,1.0,1.0
D5,full,6,5,CT3,1.0,1.0,1.0,1.0,1.0
D5,full,6,5,CT4,1.0,1.0,1.0,1.0,1.0
D5,full,6,5,CT5,1.0,1.0,1.0,1.0,1.0
D5,full,6,5,AD1,1.0,1.0,0.0,0.0,0.0
D5,full,6,5,AD2,1.0,1.0,0.0,0.0,0.0
D5,full,6,5,AD3,1.0,1.0,1.0,1.0,1.0
D5,full,6,5,AD4,1.0,1.0,1.0,1.0,1.0
D5,full,6,5,AD5,1.0,1.0,0.0,0.0,0.0
D5,full,6,6,U1,1.0,1.0,1.0,1.0,1.0
D5,full,6,6,U2,1.0,1.0,1.0,1.0,1.0
D5,full,6,6,U3,1.0,1.0,1.0,0.9901477832512315,1.0
D5,full,6,6,U4,1.0,1.0,0.9950738916256158,0.4975369458128079,0.9950738916256158
D5,full,6,6,U5,1.0,1.0,1.0,0.9901477832512315,1.0
D5,full,6,6,CD1,1.0,1.0,0.9901477832512315,0.49261083743842365,0.9901477832512315
D5,full,6,6,CD2,1.0,1.0,0.9901477832512315,0.9901477832512315,0.9901477832512315
D5,full,6,6,CD3,1.0,1.0,1.0,1.0,1.0
D5,full,6,6,CD4,1.0,1.0,1.0,0.5073891625615764,1.0
D5,full,6,6,CD5,1.0,1.0,1.0,0.9950738916256158,1.0
D5,full,6,6,T1,1.0,1.0,1.0,1.0,1.0
D5,full,6,6,T2,1.0,0.9950738916256158,0.9950738916256158,0.9950738916256158,0.9950738916256158
D5,full,6,6,T3,1.0,1.0,1.0,0.5024630541871922,1.0
D5,full,6,6,T4,1.0,1.0,0.9950738916256158,0.4975369458128079,0.9950738916256158
D5,full,6,6,T5,1.0,1.0,1.0,0.9950738916256158,1.0
D5,full,6,6,CT1,1.0,1.0,0.9950738916256158,0.4975369458128079,0.9950738916256158
D5,full,6,6,CT2,0.9950738916256158,0.9950738916256158,0.9901477832512315,0.4975369458128079,0.9901477832512315
D5,full,6,6,CT3,1.0,1.0,1.0,1.0,1.0
D5,full,6,6,CT4,1.0,1.0,1.0,0.4975369458128079,1.0
D5,full,6,6,CT5,1.0,1.0,1.0,0.5024630541871922,1.0
D5,full,6,6,AD1,1.0,1.0,1.0,0.9901477832512315,1.0
D5,full,6,6,AD2,1.0,1.0,1.0,0.9901477832512315,1.0
D5,full,6,6,AD3,1.0,1.0,1.0,1.0,1.0
D5,full,6,6,AD4,1.0,1.0,1.0,0.5024630541871922,1.0
D5,full,6,6,AD5,1.0,1.0,1.0,0.9950738916256158,1.0
D5,sensitivity,2,1,U1,0.9553532726484613,0.8643259644560035,0.6952752492414391,0.33506718682271347,0.6952752492414391
D5,sensitivity,2,1,U2,0.9462505418292154,0.8664932813177286,0.6978760294755093,0.37494581707845687,0.6978760294755093
D5,sensitivity,2,1,U3,0.9540528825314261,0.8660598179453837,0.6558300823580407,0.28738621586475943,0.6558300823580407
D5,sensitivity,2,1,U4,0.9449501517121803,0.8656263545730386,0.6970091027308193,0.2834850455136541,0.6970091027308193
D5,sensitivity,2,1,U5,0.9497182488079757,0.8660598179453837,0.6610316428261812,0.33246640658864324,0.6610316428261812
D5,sensitivity,2,1,CD1,0.951885565669701,0.7715648027741656,0.6051148677936714,0.235370611183355,0.6051148677936714
D5,sensitivity,2,1,CD2,0.951885565669701,0.8695275249241439,0.611616818378847,0.3363675769397486,0.611616818378847
D5,sensitivity,2,1,CD3,0.9501517121803208,0.8656263545730386,0.6640658864325965,0.3424360641525791,0.6640658864325965
D5,sensitivity,2,1,CD4,0.9492847854356307,0.8222800173385348,0.5691374078890333,0.24750758560901603,0.5691374078890333
D5,sensitivity,2,1,CD5,0.9505851755526658,0.7793671434763763,0.6133506718682271,0.3159947984395319,0.6133506718682271
D5,sensitivity,2,1,T1,0.9492847854356307,0.8677936714347637,0.6068487212830516,0.29475509319462506,0.6068487212830516
D5,sensitivity,2,1,T2,0.9514521022973559,0.8716948417858691,0.7065452969224101,0.3246640658864326,0.7065452969224101
D5,sensitivity,2,1,T3,0.9540528825314261,0.787602947550932,0.6202860858257477,0.3034243606415258,0.6202860858257477
D5,sensitivity,2,1,T4,0.953185955786736,0.8686605981794538,0.5665366276549632,0.23190290420459472,0.5665366276549632
D5,sensitivity,2,1,T5,0.951885565669701,0.871261378413524,0.6155179887299523,0.33159947984395316,0.6155179887299523
D5,sensitivity,2,1,CT1,0.9471174685739056,0.8140442132639792,0.5968790637191157,0.27741655830082357,0.5968790637191157
D5,sensitivity,2,1,CT2,0.9523190290420459,0.8656263545730386,0.6692674469007369,0.329432162982228,0.6692674469007369
D5,sensitivity,2,1,CT3,0.9549198092761162,0.7806675335934113,0.6042479410489814,0.3281317728651929,0.6042479410489814
D5,sensitivity,2,1,CT4,0.9579540528825314,0.82358040745557,0.6081491114000867,0.29215431296055483,0.6081491114000867
D5,sensitivity,2,1,CT5,0.9484178586909406,0.7815344603381015,0.6176853055916776,0.2895535327264846,0.6176853055916776
D5,sensitivity,2,1,AD1,0.9484178586909406,0.8751625487646294,0.6410923276983095,0.2800173385348938,0.6410923276983095
D5,sensitivity,2,1,AD2,0.9605548331166016,0.8742956220199393,0.6540962288686606,0.2856523623753793,0.6540962288686606
D5,sensitivity,2,1,AD3,0.9562201993931513,0.8751625487646294,0.7043779800606849,0.43216298222800176,0.7043779800606849
D5,sensitivity,2,1,AD4,0.9505851755526658,0.870394451668834,0.6948417858690941,0.2895535327264846,0.6948417858690941
D5,sensitivity,2,1,AD5,0.9536194191590811,0.8686605981794538,0.6597312527091461,0.27741655830082357,0.6597312527091461
D5,sensitivity,2,2,U1,1.0,0.9951219512195122,0.9902439024390244,0.004878048780487805,0.9902439024390244
D5,sensitivity,2,2,U2,1.0,0.9902439024390244,0.004878048780487805,0.0,0.004878048780487805
D5,sensitivity,2,2,U3,1.0,0.9902439024390244,0.00975609756097561,0.00975609756097561,0.00975609756097561
D5,sensitivity,2,2,U4,0.9951219512195122,0.9804878048780488,0.004878048780487805,0.0,0.004878048780487805
D5,sensitivity,2,2,U5,0.9951219512195122,0.004878048780487805,0.004878048780487805,0.0,0.004878048780487805
D5,sensitivity,2,2,CD1,0.00975609756097561,0.004878048780487805,0.0,0.0,0.0
D5,sensitivity,2,2,CD2,0.9902439024390244,0.00975609756097561,0.004878048780487805,0.004878048780487805,0.004878048780487805
D5,sensitivity,2,2,CD3,0.9902439024390244,0.004878048780487805,0.004878048780487805,0.0,0.004878048780487805
D5,sensitivity,2,2,CD4,0.00975609756097561,0.004878048780487805,0.004878048780487805,0.004878048780487805,0.004878048780487805
D5,sensitivity,2,2,CD5,0.01951219512195122,0.014634146341463415,0.014634146341463415,0.004878048780487805,0.014634146341463415
D5,sensitivity,2,2,T1,0.9951219512195122,0.01951219512195122,0.004878048780487805,0.004878048780487805,0.004878048780487805
D5,sensitivity,2,2,T2,0.9951219512195122,0.9902439024390244,0.00975609756097561,0.0,0.00975609756097561
D5,sensitivity,2,2,T3,0.00975609756097561,0.0,0.0,0.0,0.0
D5,sensitivity,2,2,T4,0.9951219512195122,0.00975609756097561,0.004878048780487805,0.0,0.004878048780487805
D5,sensitivity,2,2,T5,0.9853658536585366,0.00975609756097561,0.004878048780487805,0.0,0.004878048780487805
D5,sensitivity,2,2,CT1,0.9902439024390244,0.9902439024390244,0.9902439024390244,0.004878048780487805,0.9902439024390244
D5,sensitivity,2,2,CT2,0.9951219512195122,0.9902439024390244,0.9853658536585366,0.004878048780487805,0.9853658536585366
D5,sensitivity,2,2,CT3,0.9902439024390244,0.9902439024390244,0.00975609756097561,0.004878048780487805,0.00975609756097561
D5,sensitivity,2,2,CT4,0.9951219512195122,0.9853658536585366,0.9853658536585366,0.00975609756097561,0.9853658536585366
D5,sensitivity,2,2,CT5,1.0,0.9951219512195122,0.9902439024390244,0.004878048780487805,0.9902439024390244
D5,sensitivity,2,2,AD1,1.0,0.00975609756097561,0.0,0.0,0.0
D5,sensitivity,2,2,AD2,0.9853658536585366,0.9853658536585366,0.004878048780487805,0.004878048780487805,0.004878048780487805
D5,sensitivity,2,2,AD3,0.9902439024390244,0.9853658536585366,0.004878048780487805,0.004878048780487805,0.004878048780487805
D5,sensitivity,2,2,AD4,0.9902439024390244,0.00975609756097561,0.004878048780487805,0.004878048780487805,0.004878048780487805
D5,sensitivity,2,2,AD5,0.9951219512195122,0.00975609756097561,0.004878048780487805,0.0,0.004878048780487805
D5,sensitivity,3,1,U1,0.951581975071908,0.8509108341323106,0.6653883029721956,0.3700862895493768,0.6653883029721956
D5,sensitivity,3,1,U2,0.9410354745925216,0.8533077660594439,0.6673058485139022,0.3648130393096836,0.6673058485139022
D5,sensitivity,3,1,U3,0.9491850431447747,0.8528283796740173,0.675934803451582,0.3168744007670182,0.675934803451582
D5,sensitivity,3,1,U4,0.9400767018216682,0.8528283796740173,0.6663470757430489,0.31208053691275167,0.6663470757430489
D5,sensitivity,3,1,U5,0.9443911792905082,0.8533077660594439,0.6816874400767018,0.3192713326941515,0.6816874400767018
D5,sensitivity,3,1,CD1,0.9477468839884947,0.8518696069031639,0.6687440076701822,0.26030680728667305,0.6687440076701822
D5,sensitivity,3,1,CD2,0.9477468839884947,0.8571428571428571,0.6764141898370086,0.3720038350910834,0.6764141898370086
D5,sensitivity,3,1,CD3,0.9453499520613614,0.8523489932885906,0.6303930968360498,0.3231064237775647,0.6303930968360498
D5,sensitivity,3,1,CD4,0.9448705656759347,0.8528283796740173,0.6279961649089166,0.27325023969319273,0.6279961649089166
D5,sensitivity,3,1,CD5,0.9467881112176414,0.8604985618408437,0.677372962607862,0.34851390220517736,0.677372962607862
D5,sensitivity,3,1,T1,0.9448705656759347,0.8566634707574304,0.6711409395973155,0.3259827420901246,0.6711409395973155
D5,sensitivity,3,1,T2,0.9467881112176414,0.8590604026845637,0.6764141898370086,0.3034515819750719,0.6764141898370086
D5,sensitivity,3,1,T3,0.950143815915628,0.8705656759348035,0.6860019175455417,0.33557046979865773,0.6860019175455417
D5,sensitivity,3,1,T4,0.948705656759348,0.8561840843720039,0.6251198465963567,0.25599232981783315,0.6251198465963567
D5,sensitivity,3,1,T5,0.9477468839884947,0.8595397890699904,0.6807286673058485,0.3667305848513902,0.6807286673058485
D5,sensitivity,3,1,CT1,0.9424736337488016,0.8441994247363375,0.659156279961649,0.30632790028763185,0.659156279961649
D5,sensitivity,3,1,CT2,0.947267497603068,0.8523489932885906,0.6840843720038351,0.3096836049856184,0.6840843720038351
D5,sensitivity,3,1,CT3,0.951581975071908,0.862895493767977,0.6682646212847555,0.362895493767977,0.6682646212847555
D5,sensitivity,3,1,CT4,0.9544582933844679,0.8552253116011506,0.6716203259827421,0.3231064237775647,0.6716203259827421
D5,sensitivity,3,1,CT5,0.9443911792905082,0.8638542665388304,0.6826462128475551,0.3202301054650048,0.6826462128475551
D5,sensitivity,3,1,AD1,0.9434324065196549,0.862895493767977,0.6045062320230106,0.30824544582933844,0.6045062320230106
D5,sensitivity,3,1,AD2,0.9573346116970278,0.8624161073825504,0.6193672099712368,0.3149568552253116,0.6193672099712368
D5,sensitivity,3,1,AD3,0.9525407478427612,0.862895493767977,0.674496644295302,0.37392138063279,0.674496644295302
D5,sensitivity,3,1,AD4,0.9458293384467881,0.8571428571428571,0.6639501438159157,0.3187919463087248,0.6639501438159157
D5,sensitivity,3,1,AD5,0.9491850431447747,0.8557046979865772,0.62607861936721,0.30632790028763185,0.62607861936721
D5,sensitivity,3,2,U1,0.9951456310679612,0.9902912621359223,0.9854368932038835,0.0048543689320388345,0.9854368932038835
D5,sensitivity,3,2,U2,0.9951456310679612,0.9854368932038835,0.0048543689320388345,0.0,0.0048543689320388345
D5,sensitivity,3,2,U3,1.0,0.9902912621359223,0.009708737864077669,0.009708737864077669,0.009708737864077669
D5,sensitivity,3,2,U4,0.9951456310679612,0.9805825242718447,0.009708737864077669,0.0048543689320388345,0.009708737864077669
D5,sensitivity,3,2,U5,0.9951456310679612,0.0048543689320388345,0.0048543689320388345,0.0,0.0048543689320388345
D5,sensitivity,3,2,CD1,0.014563106796116505,0.009708737864077669,0.0048543689320388345,0.0,0.0048543689320388345
D5,sensitivity,3,2,CD2,0.9902912621359223,0.014563106796116505,0.0048543689320388345,0.0048543689320388345,0.0048543689320388345
D5,sensitivity,3,2,CD3,0.9902912621359223,0.0048543689320388345,0.0048543689320388345,0.0,0.0048543689320388345
D5,sensitivity,3,2,CD4,0.009708737864077669,0.0048543689320388345,0.0048543689320388345,0.0048543689320388345,0.0048543689320388345
D5,sensitivity,3,2,CD5,0.019417475728155338,0.014563106796116505,0.014563106796116505,0.0048543689320388345,0.014563106796116505
D5,sensitivity,3,2,T1,0.9951456310679612,0.019417475728155338,0.0048543689320388345,0.0048543689320388345,0.0048543689320388345
D5,sensitivity,3,2,T2,0.9951456310679612,0.9902912621359223,0.014563106796116505,0.0048543689320388345,0.014563106796116505
D5,sensitivity,3,2,T3,0.014563106796116505,0.0,0.0,0.0,0.0
D5,sensitivity,3,2,T4,0.9951456310679612,0.014563106796116505,0.009708737864077669,0.0048543689320388345,0.009708737864077669
D5,sensitivity,3,2,T5,0.9854368932038835,0.009708737864077669,0.0048543689320388345,0.0,0.0048543689320388345
D5,sensitivity,3,2,CT1,0.9854368932038835,0.9854368932038835,0.9854368932038835,0.0048543689320388345,0.9854368932038835
D5,sensitivity,3,2,CT2,0.9951456310679612,0.9854368932038835,0.9805825242718447,0.0048543689320388345,0.9805825242718447
D5,sensitivity,3,2,CT3,0.9854368932038835,0.9854368932038835,0.009708737864077669,0.0048543689320388345,0.009708737864077669
D5,sensitivity,3,2,CT4,0.9951456310679612,0.9854368932038835,0.9854368932038835,0.009708737864077669,0.9854368932038835
D5,sensitivity,3,2,CT5,1.0,0.9951456310679612,0.9902912621359223,0.0048543689320388345,0.9902912621359223
D5,sensitivity,3,2,AD1,0.9951456310679612,0.009708737864077669,0.0,0.0,0.0
D5,sensitivity,3,2,AD2,0.9805825242718447,0.9805825242718447,0.0048543689320388345,0.0048543689320388345,0.0048543689320388345
D5,sensitivity,3,2,AD3,0.9902912621359223,0.9854368932038835,0.009708737864077669,0.009708737864077669,0.009708737864077669
D5,sensitivity,3,2,AD4,0.9902912621359223,0.014563106796116505,0.0048543689320388345,0.0048543689320388345,0.0048543689320388345
D5,sensitivity,3,2,AD5,0.9951456310679612,0.014563106796116505,0.0048543689320388345,0.0,0.0048543689320388345
D5,sensitivity,3,3,U1,0.9954545454545455,0.9954545454545455,0.9818181818181818,0.004545454545454545,0.9818181818181818
D5,sensitivity,3,3,U2,1.0,0.9954545454545455,0.990909090909091,0.4727272727272727,0.990909090909091
D5,sensitivity,3,3,U3,1.0,0.990909090909091,0.4681818181818182,0.00909090909090909,0.4681818181818182
D5,sensitivity,3,3,U4,0.990909090909091,0.9863636363636363,0.9863636363636363,0.00909090909090909,0.9863636363636363
D5,sensitivity,3,3,U5,1.0,0.990909090909091,0.4681818181818182,0.4590909090909091,0.4681818181818182
D5,sensitivity,3,3,CD1,0.990909090909091,0.00909090909090909,0.0,0.0,0.0
D5,sensitivity,3,3,CD2,0.990909090909091,0.9863636363636363,0.0,0.0,0.0
D5,sensitivity,3,3,CD3,0.9954545454545455,0.9954545454545455,0.9863636363636363,0.5272727272727272,0.9863636363636363
D5,sensitivity,3,3,CD4,0.9954545454545455,0.5363636363636364,0.013636363636363636,0.004545454545454545,0.013636363636363636
D5,sensitivity,3,3,CD5,0.990909090909091,0.013636363636363636,0.00909090909090909,0.00909090909090909,0.00909090909090909
D5,sensitivity,3,3,T1,0.990909090909091,0.9772727272727273,0.0,0.0,0.0
D5,sensitivity,3,3,T2,0.9954545454545455,0.990909090909091,0.990909090909091,0.5227272727272727,0.990909090909091
D5,sensitivity,3,3,T3,0.990909090909091,0.004545454545454545,0.0,0.0,0.0
D5,sensitivity,3,3,T4,0.9954545454545455,0.9863636363636363,0.00909090909090909,0.0,0.00909090909090909
D5,sensitivity,3,3,T5,0.990909090909091,0.9863636363636363,0.0,0.0,0.0
D5,sensitivity,3,3,CT1,0.9954545454545455,0.5318181818181819,0.00909090909090909,0.004545454545454545,0.00909090909090909
D5,sensitivity,3,3,CT2,1.0,0.9954545454545455,0.5318181818181819,0.5181818181818182,0.5318181818181819
D5,sensitivity,3,3,CT3,0.990909090909091,0.004545454545454545,0.0,0.0,0.0
D5,sensitivity,3,3,CT4,0.990909090909091,0.5227272727272727,0.004545454545454545,0.0,0.004545454545454545
D5,sensitivity,3,3,CT5,0.9863636363636363,0.0,0.0,0.0,0.0
D5,sensitivity,3,3,AD1,1.0,0.9954545454545455,0.990909090909091,0.013636363636363636,0.990909090909091
D5,sensitivity,3,3,AD2,0.9954545454545455,0.990909090909091,0.9863636363636363,0.00909090909090909,0.9863636363636363
D5,sensitivity,3,3,AD3,0.990909090909091,0.990909090909091,0.9863636363636363,0.9818181818181818,0.9863636363636363
D5,sensitivity,3,3,AD4,0.9954545454545455,0.9954545454545455,0.990909090909091,0.013636363636363636,0.990909090909091
D5,sensitivity,3,3,AD5,0.9954545454545455,0.990909090909091,0.9818181818181818,0.004545454545454545,0.9818181818181818
D5,sensitivity,4,1,U1,0.9444144630329195,0.8310847274689692,0.6222342147868322,0.29411764705882354,0.6222342147868322
D5,sensitivity,4,1,U2,0.9330814894765246,0.8327037236913114,0.6260118726389639,0.2898003237992445,0.6260118726389639
D5,sensitivity,4,1,U3,0.9433351322180248,0.8337830545062062,0.6351861845655693,0.2946573124662709,0.6351861845655693
D5,sensitivity,4,1,U4,0.9320021586616298,0.8348623853211009,0.6270912034538586,0.28710199676200754,0.6270912034538586
D5,sensitivity,4,1,U5,0.9373988127361036,0.8327037236913114,0.6427415002698327,0.29735563950350785,0.6427415002698327
D5,sensitivity,4,1,CD1,0.940636805180788,0.8337830545062062,0.6303291958985429,0.28818132757690235,0.6303291958985429
D5,sensitivity,4,1,CD2,0.9411764705882353,0.8386400431732326,0.634646519158122,0.2984349703184026,0.634646519158122
D5,sensitivity,4,1,CD3,0.937938478143551,0.8348623853211009,0.6443604964921749,0.30167296276308686,0.6443604964921749
D5,sensitivity,4,1,CD4,0.9373988127361036,0.8375607123583378,0.6454398273070696,0.30275229357798167,0.6454398273070696
D5,sensitivity,4,1,CD5,0.9384781435509983,0.8429573664328116,0.638963842417701,0.27199136535348084,0.638963842417701
D5,sensitivity,4,1,T1,0.9368591473286563,0.8370210469508904,0.6292498650836481,0.3043712898003238,0.6292498650836481
D5,sensitivity,4,1,T2,0.9395574743658931,0.8402590393955748,0.6368051807879115,0.2763086886130599,0.6368051807879115
D5,sensitivity,4,1,T3,0.94225580140313,0.8515920129519697,0.6449001618996222,0.3119266055045872,0.6449001618996222
D5,sensitivity,4,1,T4,0.9427954668105775,0.8386400431732326,0.6373448461953589,0.2827846735024285,0.6373448461953589
D5,sensitivity,4,1,T5,0.9400971397733405,0.8402590393955748,0.6384241770102537,0.29033998920669185,0.6384241770102537
D5,sensitivity,4,1,CT1,0.9341608202914193,0.825148407987048,0.62061521856449,0.2817053426875337,0.62061521856449
D5,sensitivity,4,1,CT2,0.9417161359956827,0.8354020507285483,0.6475984889368591,0.28494333513221803,0.6475984889368591
D5,sensitivity,4,1,CT3,0.9433351322180248,0.843497031840259,0.6260118726389639,0.2854830005396654,0.6260118726389639
D5,sensitivity,4,1,CT4,0.9476524554776039,0.8348623853211009,0.6308688613059903,0.3022126281705343,0.6308688613059903
D5,sensitivity,4,1,CT5,0.9363194819212088,0.846195358877496,0.6427415002698327,0.29249865083648136,0.6427415002698327
D5,sensitivity,4,1,AD1,0.9357798165137615,0.8467350242849433,0.6157582298974635,0.2876416621694549,0.6157582298974635
D5,sensitivity,4,1,AD2,0.9503507825148408,0.8445763626551538,0.6324878575283325,0.29735563950350785,0.6324878575283325
D5,sensitivity,4,1,AD3,0.944954128440367,0.8440366972477065,0.6314085267134377,0.29573664328116567,0.6314085267134377
D5,sensitivity,4,1,AD4,0.9390178089584458,0.83917970858068,0.6227738801942796,0.29627630868861304,0.6227738801942796
D5,sensitivity,4,1,AD5,0.9417161359956827,0.8354020507285483,0.6362655153804642,0.2854830005396654,0.6362655153804642
D5,sensitivity,4,2,U1,1.0,0.995850622406639,0.983402489626556,0.946058091286307,0.983402489626556
D5,sensitivity,4,2,U2,1.0,1.0,0.979253112033195,0.941908713692946,0.979253112033195
D5,sensitivity,4,2,U3,0.995850622406639,0.995850622406639,0.983402489626556,0.49377593360995853,0.983402489626556
D5,sensitivity,4,2,U4,1.0,0.983402489626556,0.966804979253112,0.5062240663900415,0.966804979253112
D5,sensitivity,4,2,U5,1.0,0.995850622406639,0.970954356846473,0.48132780082987553,0.970954356846473
D5,sensitivity,4,2,CD1,0.995850622406639,0.979253112033195,0.946058091286307,0.03734439834024896,0.946058091286307
D5,sensitivity,4,2,CD2,0.995850622406639,0.991701244813278,0.979253112033195,0.9294605809128631,0.979253112033195
D5,sensitivity,4,2,CD3,0.995850622406639,0.975103734439834,0.5145228215767634,0.48132780082987553,0.5145228215767634
D5,sensitivity,4,2,CD4,0.9875518672199171,0.950207468879668,0.48132780082987553,0.04149377593360996,0.48132780082987553
D5,sensitivity,4,2,CD5,1.0,0.983402489626556,0.966804979253112,0.9336099585062241,0.966804979253112
D5,sensitivity,4,2,T1,1.0,0.991701244813278,0.975103734439834,0.4854771784232365,0.975103734439834
D5,sensitivity,4,2,T2,0.995850622406639,0.991701244813278,0.975103734439834,0.5062240663900415,0.975103734439834
D5,sensitivity,4,2,T3,0.995850622406639,0.9875518672199171,0.979253112033195,0.5062240663900415,0.979253112033195
D5,sensitivity,4,2,T4,0.995850622406639,0.9875518672199171,0.5269709543568465,0.04564315352697095,0.5269709543568465
D5,sensitivity,4,2,T5,0.995850622406639,0.991701244813278,0.983402489626556,0.941908713692946,0.983402489626556
D5,sensitivity,4,2,CT1,0.995850622406639,0.975103734439834,0.946058091286307,0.49377593360995853,0.946058091286307
D5,sensitivity,4,2,CT2,0.9875518672199171,0.975103734439834,0.950207468879668,0.4896265560165975,0.950207468879668
D5,sensitivity,4,2,CT3,1.0,0.995850622406639,0.975103734439834,0.950207468879668,0.975103734439834
D5,sensitivity,4,2,CT4,1.0,0.995850622406639,0.975103734439834,0.47717842323651455,0.975103734439834
D5,sensitivity,4,2,CT5,0.995850622406639,0.983402489626556,0.975103734439834,0.5228215767634855,0.975103734439834
D5,sensitivity,4,2,AD1,1.0,0.975103734439834,0.5103734439834025,0.46473029045643155,0.5103734439834025
D5,sensitivity,4,2,AD2,0.995850622406639,0.9875518672199171,0.5145228215767634,0.45228215767634855,0.5145228215767634
D5,sensitivity,4,2,AD3,0.995850622406639,0.995850622406639,0.995850622406639,0.975103734439834,0.995850622406639
D5,sensitivity,4,2,AD4,0.995850622406639,0.995850622406639,0.975103734439834,0.49377593360995853,0.975103734439834
D5,sensitivity,4,2,AD5,1.0,0.995850622406639,0.5311203319502075,0.4605809128630705,0.5311203319502075
D5,sensitivity,4,3,U1,1.0,1.0,0.9953703703703703,0.004629629629629629,0.9953703703703703
D5,sensitivity,4,3,U2,1.0,1.0,0.9953703703703703,0.4675925925925926,0.9953703703703703
D5,sensitivity,4,3,U3,1.0,0.9953703703703703,0.4675925925925926,0.0,0.4675925925925926
D5,sensitivity,4,3,U4,0.9953703703703703,0.9907407407407407,0.9907407407407407,0.0,0.9907407407407407
D5,sensitivity,4,3,U5,1.0,0.9953703703703703,0.46296296296296297,0.46296296296296297,0.46296296296296297
D5,sensitivity,4,3,CD1,0.9953703703703703,0.0,0.0,0.0,0.0
D5,sensitivity,4,3,CD2,0.9953703703703703,0.9953703703703703,0.0,0.0,0.0
D5,sensitivity,4,3,CD3,1.0,1.0,0.9953703703703703,0.5324074074074074,0.9953703703703703
D5,sensitivity,4,3,CD4,1.0,0.5370370370370371,0.004629629629629629,0.0,0.004629629629629629
D5,sensitivity,4,3,CD5,0.9953703703703703,0.004629629629629629,0.0,0.0,0.0
D5,sensitivity,4,3,T1,0.9953703703703703,0.9907407407407407,0.0,0.0,0.0
D5,sensitivity,4,3,T2,1.0,1.0,1.0,0.5324074074074074,1.0
D5,sensitivity,4,3,T3,1.0,0.004629629629629629,0.0,0.0,0.0
D5,sensitivity,4,3,T4,0.9953703703703703,0.9907407407407407,0.0,0.0,0.0
D5,sensitivity,4,3,T5,0.9953703703703703,0.9953703703703703,0.0,0.0,0.0
D5,sensitivity,4,3,CT1,1.0,0.5370370370370371,0.004629629629629629,0.0,0.004629629629629629
D5,sensitivity,4,3,CT2,1.0,0.9953703703703703,0.5324074074074074,0.5277777777777778,0.5324074074074074
D5,sensitivity,4,3,CT3,1.0,0.0,0.0,0.0,0.0
D5,sensitivity,4,3,CT4,0.9953703703703703,0.5277777777777778,0.0,0.0,0.0
D5,sensitivity,4,3,CT5,1.0,0.0,0.0,0.0,0.0
D5,sensitivity,4,3,AD1,1.0,0.9953703703703703,0.9953703703703703,0.004629629629629629,0.9953703703703703
D5,sensitivity,4,3,AD2,1.0,0.9953703703703703,0.9907407407407407,0.0,0.9907407407407407
D5,sensitivity,4,3,AD3,1.0,1.0,1.0,0.9953703703703703,1.0
D5,sensitivity,4,3,AD4,0.9953703703703703,0.9953703703703703,0.9953703703703703,0.004629629629629629,0.9953703703703703
D5,sensitivity,4,3,AD5,1.0,1.0,0.9953703703703703,0.0,0.9953703703703703
D5,sensitivity,4,4,U1,1.0,1.0,1.0,0.0,1.0
D5,sensitivity,4,4,U2,1.0,1.0,0.0,0.0,0.0
D5,sensitivity,4,4,U3,1.0,0.995049504950495,0.0,0.0,0.0
D5,sensitivity,4,4,U4,0.995049504950495,0.9900990099009901,0.0,0.0,0.0
D5,sensitivity,4,4,U5,0.995049504950495,0.0049504950495049506,0.0049504950495049506,0.0,0.0049504950495049506
D5,sensitivity,4,4,CD1,0.0,0.0,0.0,0.0,0.0
D5,sensitivity,4,4,CD2,0.9900990099009901,0.0,0.0,0.0,0.0
D5,sensitivity,4,4,CD3,0.995049504950495,0.0,0.0,0.0,0.0
D5,sensitivity,4,4,CD4,0.0049504950495049506,0.0049504950495049506,0.0049504950495049506,0.0049504950495049506,0.0049504950495049506
D5,sensitivity,4,4,CD5,0.009900990099009901,0.0049504950495049506,0.0049504950495049506,0.0049504950495049506,0.0049504950495049506
D5,sensitivity,4,4,T1,1.0,0.009900990099009901,0.0,0.0,0.0
D5,sensitivity,4,4,T2,1.0,1.0,0.0049504950495049506,0.0,0.0049504950495049506
D5,sensitivity,4,4,T3,0.0049504950495049506,0.0,0.0,0.0,0.0
D5,sensitivity,4,4,T4,0.995049504950495,0.0,0.0,0.0,0.0
D5,sensitivity,4,4,T5,0.995049504950495,0.0049504950495049506,0.0049504950495049506,0.0,0.0049504950495049506
D5,sensitivity,4,4,CT1,0.995049504950495,0.995049504950495,0.995049504950495,0.0,0.995049504950495
D5,sensitivity,4,4,CT2,1.0,1.0,1.0,0.0049504950495049506,1.0
D5,sensitivity,4,4,CT3,0.995049504950495,0.995049504950495,0.0049504950495049506,0.0,0.0049504950495049506
D5,sensitivity,4,4,CT4,1.0,0.995049504950495,0.995049504950495,0.0049504950495049506,0.995049504950495
D5,sensitivity,4,4,CT5,1.0,1.0,1.0,0.0049504950495049506,1.0
D5,sensitivity,4,4,AD1,1.0,0.009900990099009901,0.0,0.0,0.0
D5,sensitivity,4,4,AD2,0.995049504950495,0.995049504950495,0.0,0.0,0.0
D5,sensitivity,4,4,AD3,1.0,0.995049504950495,0.0,0.0,0.0
D5,sensitivity,4,4,AD4,0.995049504950495,0.0,0.0,0.0,0.0
D5,sensitivity,4,4,AD5,1.0,0.009900990099009901,0.0049504950495049506,0.0,0.0049504950495049506
D5,sensitivity,5,1,U1,0.9454449152542372,0.8336864406779662,0.6271186440677966,0.3003177966101695,0.6271186440677966
D5,sensitivity,5,1,U2,0.934322033898305,0.8358050847457628,0.6302966101694916,0.2960805084745763,0.6302966101694916
D5,sensitivity,5,1,U3,0.9438559322033898,0.8363347457627118,0.6398305084745762,0.2992584745762712,0.6398305084745762
D5,sensitivity,5,1,U4,0.9332627118644068,0.8358050847457628,0.6302966101694916,0.2913135593220339,0.6302966101694916
D5,sensitivity,5,1,U5,0.9385593220338984,0.8352754237288136,0.645656779661017,0.2997881355932203,0.645656779661017
D5,sensitivity,5,1,CD1,0.941207627118644,0.8342161016949152,0.6308262711864406,0.2876059322033898,0.6308262711864406
D5,sensitivity,5,1,CD2,0.9417372881355932,0.840572033898305,0.6393008474576272,0.3034957627118644,0.6393008474576272
D5,sensitivity,5,1,CD3,0.9385593220338984,0.8347457627118644,0.6435381355932204,0.3029661016949153,0.6435381355932204
D5,sensitivity,5,1,CD4,0.9369703389830508,0.8347457627118644,0.6408898305084746,0.3013771186440678,0.6408898305084746
D5,sensitivity,5,1,CD5,0.9396186440677966,0.84375,0.6414194915254238,0.2775423728813559,0.6414194915254238
D5,sensitivity,5,1,T1,0.9380296610169492,0.8389830508474576,0.6334745762711864,0.3066737288135593,0.6334745762711864
D5,sensitivity,5,1,T2,0.9401483050847458,0.8421610169491526,0.6403601694915254,0.28125,0.6403601694915254
D5,sensitivity,5,1,T3,0.9427966101694916,0.8527542372881356,0.6488347457627118,0.3156779661016949,0.6488347457627118
D5,sensitivity,5,1,T4,0.9433262711864406,0.840042372881356,0.638771186440678,0.2823093220338983,0.638771186440678
D5,sensitivity,5,1,T5,0.940677966101695,0.8421610169491526,0.6430084745762712,0.2966101694915254,0.6430084745762712
D5,sensitivity,5,1,CT1,0.9348516949152542,0.8257415254237288,0.621822033898305,0.2849576271186441,0.621822033898305
D5,sensitivity,5,1,CT2,0.941207627118644,0.8352754237288136,0.6488347457627118,0.2870762711864407,0.6488347457627118
D5,sensitivity,5,1,CT3,0.944385593220339,0.8458686440677966,0.6297669491525424,0.2923728813559322,0.6297669491525424
D5,sensitivity,5,1,CT4,0.9486228813559322,0.8373940677966102,0.6345338983050848,0.3024364406779661,0.6345338983050848
D5,sensitivity,5,1,CT5,0.9369703389830508,0.846927966101695,0.6461864406779662,0.2976694915254237,0.6461864406779662
D5,sensitivity,5,1,AD1,0.9369703389830508,0.8463983050847458,0.6149364406779662,0.2876059322033898,0.6149364406779662
D5,sensitivity,5,1,AD2,0.9507415254237288,0.8458686440677966,0.631885593220339,0.2955508474576271,0.631885593220339
D5,sensitivity,5,1,AD3,0.9454449152542372,0.8463983050847458,0.6377118644067796,0.305614406779661,0.6377118644067796
D5,sensitivity,5,1,AD4,0.9396186440677966,0.8416313559322034,0.6265889830508474,0.298728813559322,0.6265889830508474
D5,sensitivity,5,1,AD5,0.9427966101694916,0.8379237288135594,0.6377118644067796,0.2849576271186441,0.6377118644067796
D5,sensitivity,5,2,U1,1.0,1.0,0.9953703703703703,0.004629629629629629,0.9953703703703703
D5,sensitivity,5,2,U2,1.0,1.0,0.9953703703703703,0.4675925925925926,0.9953703703703703
D5,sensitivity,5,2,U3,1.0,0.9953703703703703,0.4675925925925926,0.0,0.4675925925925926
D5,sensitivity,5,2,U4,0.9953703703703703,0.9907407407407407,0.9907407407407407,0.0,0.9907407407407407
D5,sensitivity,5,2,U5,1.0,0.9953703703703703,0.46296296296296297,0.46296296296296297,0.46296296296296297
D5,sensitivity,5,2,CD1,0.9953703703703703,0.0,0.0,0.0,0.0
D5,sensitivity,5,2,CD2,0.9953703703703703,0.9953703703703703,0.0,0.0,0.0
D5,sensitivity,5,2,CD3,1.0,1.0,0.9953703703703703,0.5324074074074074,0.9953703703703703
D5,sensitivity,5,2,CD4,1.0,0.5370370370370371,0.004629629629629629,0.0,0.004629629629629629
D5,sensitivity,5,2,CD5,0.9953703703703703,0.004629629629629629,0.0,0.0,0.0
D5,sensitivity,5,2,T1,0.9953703703703703,0.9907407407407407,0.0,0.0,0.0
D5,sensitivity,5,2,T2,1.0,1.0,1.0,0.5324074074074074,1.0
D5,sensitivity,5,2,T3,1.0,0.004629629629629629,0.0,0.0,0.0
D5,sensitivity,5,2,T4,0.9953703703703703,0.9907407407407407,0.0,0.0,0.0
D5,sensitivity,5,2,T5,0.9953703703703703,0.9953703703703703,0.0,0.0,0.0
D5,sensitivity,5,2,CT1,1.0,0.5370370370370371,0.004629629629629629,0.0,0.004629629629629629
D5,sensitivity,5,2,CT2,1.0,0.9953703703703703,0.5324074074074074,0.5277777777777778,0.5324074074074074
D5,sensitivity,5,2,CT3,1.0,0.0,0.0,0.0,0.0
D5,sensitivity,5,2,CT4,0.9953703703703703,0.5277777777777778,0.0,0.0,0.0
D5,sensitivity,5,2,CT5,1.0,0.0,0.0,0.0,0.0
D5,sensitivity,5,2,AD1,1.0,0.9953703703703703,0.9953703703703703,0.004629629629629629,0.9953703703703703
D5,sensitivity,5,2,AD2,1.0,0.9953703703703703,0.9907407407407407,0.0,0.9907407407407407
D5,sensitivity,5,2,AD3,1.0,1.0,1.0,0.9953703703703703,1.0
D5,sensitivity,5,2,AD4,0.9953703703703703,0.9953703703703703,0.9953703703703703,0.004629629629629629,0.9953703703703703
D5,sensitivity,5,2,AD5,1.0,1.0,0.9953703703703703,0.0,0.9953703703703703
D5,sensitivity,5,3,U1,1.0,1.0,1.0,0.0,1.0
D5,sensitivity,5,3,U2,1.0,1.0,0.0,0.0,0.0
D5,sensitivity,5,3,U3,1.0,0.995049504950495,0.0,0.0,0.0
D5,sensitivity,5,3,U4,0.995049504950495,0.9900990099009901,0.0,0.0,0.0
D5,sensitivity,5,3,U5,0.995049504950495,0.0049504950495049506,0.0049504950495049506,0.0,0.0049504950495049506
D5,sensitivity,5,3,CD1,0.0,0.0,0.0,0.0,0.0
D5,sensitivity,5,3,CD2,0.9900990099009901,0.0,0.0,0.0,0.0
D5,sensitivity,5,3,CD3,0.995049504950495,0.0,0.0,0.0,0.0
D5,sensitivity,5,3,CD4,0.0049504950495049506,0.0049504950495049506,0.0049504950495049506,0.0049504950495049506,0.0049504950495049506
D5,sensitivity,5,3,CD5,0.009900990099009901,0.0049504950495049506,0.0049504950495049506,0.0049504950495049506,0.0049504950495049506
D5,sensitivity,5,3,T1,1.0,0.009900990099009901,0.0,0.0,0.0
D5,sensitivity,5,3,T2,1.0,1.0,0.0049504950495049506,0.0,0.0049504950495049506
D5,sensitivity,5,3,T3,0.0049504950495049506,0.0,0.0,0.0,0.0
D5,sensitivity,5,3,T4,0.995049504950495,0.0,0.0,0.0,0.0
D5,sensitivity,5,3,T5,0.995049504950495,0.0049504950495049506,0.0049504950495049506,0.0,0.0049504950495049506
D5,sensitivity,5,3,CT1,0.995049504950495,0.995049504950495,0.995049504950495,0.0,0.995049504950495
D5,sensitivity,5,3,CT2,1.0,1.0,1.0,0.0049504950495049506,1.0
D5,sensitivity,5,3,CT3,0.995049504950495,0.995049504950495,0.0049504950495049506,0.0,0.0049504950495049506
D5,sensitivity,5,3,CT4,1.0,0.995049504950495,0.995049504950495,0.0049504950495049506,0.995049504950495
D5,sensitivity,5,3,CT5,1.0,1.0,1.0,0.0049504950495049506,1.0
D5,sensitivity,5,3,AD1,1.0,0.009900990099009901,0.0,0.0,0.0
D5,sensitivity,5,3,AD2,0.995049504950495,0.995049504950495,0.0,0.0,0.0
D5,sensitivity,5,3,AD3,1.0,0.995049504950495,0.0,0.0,0.0
D5,sensitivity,5,3,AD4,0.995049504950495,0.0,0.0,0.0,0.0
D5,sensitivity,5,3,AD5,1.0,0.009900990099009901,0.0049504950495049506,0.0,0.0049504950495049506
D5,sensitivity,5,4,U1,1.0,1.0,1.0,1.0,1.0
D5,sensitivity,5,4,U2,1.0,1.0,1.0,0.9902912621359223,1.0
D5,sensitivity,5,4,U3,1.0,1.0,1.0,0.970873786407767,1.0
D5,sensitivity,5,4,U4,1.0,1.0,0.9902912621359223,0.009708737864077669,0.9902912621359223
D5,sensitivity,5,4,U5,1.0,1.0,1.0,0.9805825242718447,1.0
D5,sensitivity,5,4,CD1,1.0,1.0,0.9902912621359223,0.0,0.9902912621359223
D5,sensitivity,5,4,CD2,1.0,1.0,0.9902912621359223,0.9805825242718447,0.9902912621359223
D5,sensitivity,5,4,CD3,1.0,1.0,1.0,1.0,1.0
D5,sensitivity,5,4,CD4,1.0,0.9902912621359223,0.9902912621359223,0.019417475728155338,0.9902912621359223
D5,sensitivity,5,4,CD5,1.0,1.0,1.0,0.9902912621359223,1.0
D5,sensitivity,5,4,T1,1.0,1.0,0.9902912621359223,0.9902912621359223,0.9902912621359223
D5,sensitivity,5,4,T2,1.0,1.0,1.0,1.0,1.0
D5,sensitivity,5,4,T3,1.0,1.0,1.0,0.009708737864077669,1.0
D5,sensitivity,5,4,T4,1.0,1.0,0.9902912621359223,0.019417475728155338,0.9902912621359223
D5,sensitivity,5,4,T5,1.0,1.0,1.0,0.9902912621359223,1.0
D5,sensitivity,5,4,CT1,1.0,0.9902912621359223,0.9805825242718447,0.0,0.9805825242718447
D5,sensitivity,5,4,CT2,1.0,1.0,0.9805825242718447,0.009708737864077669,0.9805825242718447
D5,sensitivity,5,4,CT3,1.0,1.0,1.0,1.0,1.0
D5,sensitivity,5,4,CT4,1.0,1.0,1.0,0.009708737864077669,1.0
D5,sensitivity,5,4,CT5,1.0,1.0,1.0,0.02912621359223301,1.0
D5,sensitivity,5,4,AD1,1.0,1.0,1.0,0.9902912621359223,1.0
D5,sensitivity,5,4,AD2,1.0,1.0,1.0,0.9902912621359223,1.0
D5,sensitivity,5,4,AD3,1.0,1.0,1.0,1.0,1.0
D5,sensitivity,5,4,AD4,1.0,1.0,1.0,0.009708737864077669,1.0
D5,sensitivity,5,4,AD5,1.0,1.0,1.0,0.9902912621359223,1.0
D5,sensitivity,5,5,U1,1.0,1.0,1.0,1.0,1.0
D5,sensitivity,5,5,U2,1.0,1.0,1.0,1.0,1.0
D5,sensitivity,5,5,U3,1.0,1.0,1.0,0.0,1.0
D5,sensitivity,5,5,U4,1.0,1.0,1.0,1.0,1.0
D5,sensitivity,5,5,U5,1.0,1.0,1.0,0.0,1.0
D5,sensitivity,5,5,CD1,1.0,1.0,1.0,0.0,1.0
D5,sensitivity,5,5,CD2,1.0,1.0,1.0,1.0,1.0
D5,sensitivity,5,5,CD3,1.0,1.0,0.0,0.0,0.0
D5,sensitivity,5,5,CD4,1.0,1.0,0.0,0.0,0.0
D5,sensitivity,5,5,CD5,1.0,1.0,1.0,1.0,1.0
D5,sensitivity,5,5,T1,1.0,1.0,1.0,0.0,1.0
D5,sensitivity,5,5,T2,1.0,1.0,1.0,0.0,1.0
D5,sensitivity,5,5,T3,1.0,1.0,1.0,1.0,1.0
D5,sensitivity,5,5,T4,1.0,1.0,0.0,0.0,0.0
D5,sensitivity,5,5,T5,1.0,1.0,1.0,1.0,1.0
D5,sensitivity,5,5,CT1,1.0,1.0,1.0,1.0,1.0
D5,sensitivity,5,5,CT2,1.0,1.0,1.0,1.0,1.0
D5,sensitivity,5,5,CT3,1.0,1.0,1.0,1.0,1.0
D5,sensitivity,5,5,CT4,1.0,1.0,1.0,1.0,1.0
D5,sensitivity,5,5,CT5,1.0,1.0,1.0,1.0,1.0
D5,sensitivity,5,5,AD1,1.0,1.0,0.0,0.0,0.0
D5,sensitivity,5,5,AD2,1.0,1.0,0.0,0.0,0.0
D5,sensitivity,5,5,AD3,1.0,1.0,1.0,1.0,1.0
D5,sensitivity,5,5,AD4,1.0,1.0,1.0,1.0,1.0
D5,sensitivity,5,5,AD5,1.0,1.0,0.0,0.0,0.0
D5,sensitivity,6,1,U1,0.93952802359882,0.827433628318584,0.6194690265486725,0.28466076696165193,0.6194690265486725
D5,sensitivity,6,1,U2,0.9454277286135693,0.8362831858407079,0.6607669616519174,0.31710914454277284,0.6607669616519174
D5,sensitivity,6,1,U3,0.9365781710914455,0.8244837758112095,0.6430678466076696,0.32595870206489674,0.6430678466076696
D5,sensitivity,6,1,U4,0.9277286135693216,0.8362831858407079,0.6460176991150443,0.2935103244837758,0.6460176991150443
D5,sensitivity,6,1,U5,0.9218289085545722,0.8215339233038348,0.6474926253687315,0.2994100294985251,0.6474926253687315
D5,sensitivity,6,1,CD1,0.9380530973451328,0.831858407079646,0.616519174041298,0.2994100294985251,0.616519174041298
D5,sensitivity,6,1,CD2,0.943952802359882,0.8362831858407079,0.6327433628318584,0.2890855457227139,0.6327433628318584
D5,sensitivity,6,1,CD3,0.9218289085545722,0.8053097345132744,0.6342182890855457,0.3112094395280236,0.6342182890855457
D5,sensitivity,6,1,CD4,0.8244837758112095,0.5398230088495575,0.0,0.0,0.0
D5,sensitivity,6,1,CD5,0.9336283185840708,0.8230088495575221,0.6342182890855457,0.2861356932153392,0.6342182890855457
D5,sensitivity,6,1,T1,0.9365781710914455,0.8421828908554573,0.6253687315634219,0.29646017699115046,0.6253687315634219
D5,sensitivity,6,1,T2,0.9277286135693216,0.8156342182890856,0.6209439528023599,0.28761061946902655,0.6209439528023599
D5,sensitivity,6,1,T3,0.9306784660766961,0.8289085545722714,0.6460176991150443,0.3333333333333333,0.6460176991150443
D5,sensitivity,6,1,T4,0.9498525073746312,0.8510324483775811,0.6268436578171092,0.28761061946902655,0.6268436578171092
D5,sensitivity,6,1,T5,0.9292035398230089,0.8436578171091446,0.6504424778761062,0.27876106194690264,0.6504424778761062
D5,sensitivity,6,1,CT1,0.9233038348082596,0.8097345132743363,0.6150442477876106,0.28023598820059,0.6150442477876106
D5,sensitivity,6,1,CT2,0.9380530973451328,0.8289085545722714,0.6327433628318584,0.2935103244837758,0.6327433628318584
D5,sensitivity,6,1,CT3,0.9469026548672567,0.831858407079646,0.6179941002949852,0.2994100294985251,0.6179941002949852
D5,sensitivity,6,1,CT4,0.943952802359882,0.8377581120943953,0.6327433628318584,0.27728613569321536,0.6327433628318584
D5,sensitivity,6,1,CT5,0.9233038348082596,0.8171091445427728,0.6224188790560472,0.3023598820058997,0.6224188790560472
D5,sensitivity,6,1,AD1,0.9247787610619469,0.8466076696165191,0.6179941002949852,0.2920353982300885,0.6179941002949852
D5,sensitivity,6,1,AD2,0.9572271386430679,0.8525073746312685,0.640117994100295,0.29793510324483774,0.640117994100295
D5,sensitivity,6,1,AD3,0.9306784660766961,0.8289085545722714,0.6371681415929203,0.33185840707964603,0.6371681415929203
D5,sensitivity,6,1,AD4,0.9365781710914455,0.8362831858407079,0.6327433628318584,0.29793510324483774,0.6327433628318584
D5,sensitivity,6,1,AD5,0.9336283185840708,0.8259587020648967,0.6312684365781711,0.2920353982300885,0.6312684365781711
D5,sensitivity,6,2,U1,0.9487603305785124,0.8371900826446281,0.631404958677686,0.3090909090909091,0.631404958677686
D5,sensitivity,6,2,U2,0.928099173553719,0.8355371900826446,0.6132231404958678,0.28429752066115704,0.6132231404958678
D5,sensitivity,6,2,U3,0.9479338842975207,0.8429752066115702,0.6380165289256199,0.28429752066115704,0.6380165289256199
D5,sensitivity,6,2,U4,0.9363636363636364,0.8355371900826446,0.6214876033057851,0.2900826446280992,0.6214876033057851
D5,sensitivity,6,2,U5,0.9479338842975207,0.8429752066115702,0.6446280991735537,0.3,0.6446280991735537
D5,sensitivity,6,2,CD1,0.9429752066115702,0.8355371900826446,0.6388429752066116,0.2809917355371901,0.6388429752066116
D5,sensitivity,6,2,CD2,0.9404958677685951,0.8429752066115702,0.6429752066115703,0.31157024793388427,0.6429752066115703
D5,sensitivity,6,2,CD3,0.9479338842975207,0.8512396694214877,0.6487603305785123,0.2983471074380165,0.6487603305785123
D5,sensitivity,6,2,CD4,1.0,1.0,1.0,0.47024793388429753,1.0
D5,sensitivity,6,2,CD5,0.9429752066115702,0.8553719008264463,0.6454545454545455,0.2727272727272727,0.6454545454545455
D5,sensitivity,6,2,T1,0.9388429752066115,0.8371900826446281,0.6380165289256199,0.31239669421487604,0.6380165289256199
D5,sensitivity,6,2,T2,0.947107438016529,0.8570247933884297,0.6512396694214876,0.27768595041322314,0.6512396694214876
D5,sensitivity,6,2,T3,0.9495867768595041,0.8661157024793389,0.6504132231404959,0.30578512396694213,0.6504132231404959
D5,sensitivity,6,2,T4,0.9396694214876034,0.8338842975206612,0.6454545454545455,0.2793388429752066,0.6454545454545455
D5,sensitivity,6,2,T5,0.947107438016529,0.8413223140495868,0.6388429752066116,0.3066115702479339,0.6388429752066116
D5,sensitivity,6,2,CT1,0.9413223140495868,0.8347107438016529,0.6256198347107438,0.28760330578512394,0.6256198347107438
D5,sensitivity,6,2,CT2,0.9429752066115702,0.8388429752066116,0.6578512396694215,0.2834710743801653,0.6578512396694215
D5,sensitivity,6,2,CT3,0.9429752066115702,0.8537190082644628,0.6363636363636364,0.2884297520661157,0.6363636363636364
D5,sensitivity,6,2,CT4,0.9512396694214876,0.8371900826446281,0.6355371900826446,0.3165289256198347,0.6355371900826446
D5,sensitivity,6,2,CT5,0.9446280991735537,0.8636363636363636,0.6595041322314049,0.2950413223140496,0.6595041322314049
D5,sensitivity,6,2,AD1,0.943801652892562,0.8462809917355372,0.6132231404958678,0.28512396694214875,0.6132231404958678
D5,sensitivity,6,2,AD2,0.947107438016529,0.8421487603305785,0.6272727272727273,0.29421487603305785,0.6272727272727273
D5,sensitivity,6,2,AD3,0.9537190082644628,0.856198347107438,0.6380165289256199,0.2909090909090909,0.6380165289256199
D5,sensitivity,6,2,AD4,0.9413223140495868,0.8446280991735537,0.6231404958677685,0.2991735537190083,0.6231404958677685
D5,sensitivity,6,2,AD5,0.9479338842975207,0.8446280991735537,0.6413223140495867,0.2809917355371901,0.6413223140495867
D5,sensitivity,6,3,U1,1.0,1.0,0.9953703703703703,0.004629629629629629,0.9953703703703703
D5,sensitivity,6,3,U2,1.0,1.0,0.9953703703703703,0.4675925925925926,0.9953703703703703
D5,sensitivity,6,3,U3,1.0,0.9953703703703703,0.4675925925925926,0.0,0.4675925925925926
D5,sensitivity,6,3,U4,0.9953703703703703,0.9907407407407407,0.9907407407407407,0.0,0.9907407407407407
D5,sensitivity,6,3,U5,1.0,0.9953703703703703,0.46296296296296297,0.46296296296296297,0.46296296296296297
D5,sensitivity,6,3,CD1,0.9953703703703703,0.0,0.0,0.0,0.0
D5,sensitivity,6,3,CD2,0.9953703703703703,0.9953703703703703,0.0,0.0,0.0
D5,sensitivity,6,3,CD3,1.0,1.0,0.9953703703703703,0.5324074074074074,0.9953703703703703
D5,sensitivity,6,3,CD4,1.0,0.5370370370370371,0.004629629629629629,0.0,0.004629629629629629
D5,sensitivity,6,3,CD5,0.9953703703703703,0.004629629629629629,0.0,0.0,0.0
D5,sensitivity,6,3,T1,0.9953703703703703,0.9907407407407407,0.0,0.0,0.0
D5,sensitivity,6,3,T2,1.0,1.0,1.0,0.5324074074074074,1.0
D5,sensitivity,6,3,T3,1.0,0.004629629629629629,0.0,0.0,0.0
D5,sensitivity,6,3,T4,0.9953703703703703,0.9907407407407407,0.0,0.0,0.0
D5,sensitivity,6,3,T5,0.9953703703703703,0.9953703703703703,0.0,0.0,0.0
D5,sensitivity,6,3,CT1,1.0,0.5370370370370371,0.004629629629629629,0.0,0.004629629629629629
D5,sensitivity,6,3,CT2,1.0,0.9953703703703703,0.5324074074074074,0.5277777777777778,0.5324074074074074
D5,sensitivity,6,3,CT3,1.0,0.0,0.0,0.0,0.0
D5,sensitivity,6,3,CT4,0.9953703703703703,0.5277777777777778,0.0,0.0,0.0
D5,sensitivity,6,3,CT5,1.0,0.0,0.0,0.0,0.0
D5,sensitivity,6,3,AD1,1.0,0.9953703703703703,0.9953703703703703,0.004629629629629629,0.9953703703703703
D5,sensitivity,6,3,AD2,1.0,0.9953703703703703,0.9907407407407407,0.0,0.9907407407407407
D5,sensitivity,6,3,AD3,1.0,1.0,1.0,0.9953703703703703,1.0
D5,sensitivity,6,3,AD4,0.9953703703703703,0.9953703703703703,0.9953703703703703,0.004629629629629629,0.9953703703703703
D5,sensitivity,6,3,AD5,1.0,1.0,0.9953703703703703,0.0,0.9953703703703703
D5,sensitivity,6,4,U1,1.0,1.0,1.0,0.0,1.0
D5,sensitivity,6,4,U2,1.0,1.0,0.0,0.0,0.0
D5,sensitivity,6,4,U3,1.0,0.995049504950495,0.0,0.0,0.0
D5,sensitivity,6,4,U4,0.995049504950495,0.9900990099009901,0.0,0.0,0.0
D5,sensitivity,6,4,U5,0.995049504950495,0.0049504950495049506,0.0049504950495049506,0.0,0.0049504950495049506
D5,sensitivity,6,4,CD1,0.0,0.0,0.0,0.0,0.0
D5,sensitivity,6,4,CD2,0.9900990099009901,0.0,0.0,0.0,0.0
D5,sensitivity,6,4,CD3,0.995049504950495,0.0,0.0,0.0,0.0
D5,sensitivity,6,4,CD4,0.0049504950495049506,0.0049504950495049506,0.0049504950495049506,0.0049504950495049506,0.0049504950495049506
D5,sensitivity,6,4,CD5,0.009900990099009901,0.0049504950495049506,0.0049504950495049506,0.0049504950495049506,0.0049504950495049506
D5,sensitivity,6,4,T1,1.0,0.009900990099009901,0.0,0.0,0.0
D5,sensitivity,6,4,T2,1.0,1.0,0.0049504950495049506,0.0,0.0049504950495049506
D5,sensitivity,6,4,T3,0.0049504950495049506,0.0,0.0,0.0,0.0
D5,sensitivity,6,4,T4,0.995049504950495,0.0,0.0,0.0,0.0
D5,sensitivity,6,4,T5,0.995049504950495,0.0049504950495049506,0.0049504950495049506,0.0,0.0049504950495049506
D5,sensitivity,6,4,CT1,0.995049504950495,0.995049504950495,0.995049504950495,0.0,0.995049504950495
D5,sensitivity,6,4,CT2,1.0,1.0,1.0,0.0049504950495049506,1.0
D5,sensitivity,6,4,CT3,0.995049504950495,0.995049504950495,0.0049504950495049506,0.0,0.0049504950495049506
D5,sensitivity,6,4,CT4,1.0,0.995049504950495,0.995049504950495,0.0049504950495049506,0.995049504950495
D5,sensitivity,6,4,CT5,1.0,1.0,1.0,0.0049504950495049506,1.0
D5,sensitivity,6,4,AD1,1.0,0.009900990099009901,0.0,0.0,0.0
D5,sensitivity,6,4,AD2,0.995049504950495,0.995049504950495,0.0,0.0,0.0
D5,sensitivity,6,4,AD3,1.0,0.995049504950495,0.0,0.0,0.0
D5,sensitivity,6,4,AD4,0.995049504950495,0.0,0.0,0.0,0.0
D5,sensitivity,6,4,AD5,1.0,0.009900990099009901,0.0049504950495049506,0.0,0.0049504950495049506
D5,sensitivity,6,5,U1,1.0,1.0,1.0,1.0,1.0
D5,sensitivity,6,5,U2,1.0,1.0,1.0,0.9902912621359223,1.0
D5,sensitivity,6,5,U3,1.0,1.0,1.0,0.970873786407767,1.0
D5,sensitivity,6,5,U4,1.0,1.0,0.9902912621359223,0.009708737864077669,0.9902912621359223
D5,sensitivity,6,5,U5,1.0,1.0,1.0,0.9805825242718447,1.0
D5,sensitivity,6,5,CD1,1.0,1.0,0.9902912621359223,0.0,0.9902912621359223
D5,sensitivity,6,5,CD2,1.0,1.0,0.9902912621359223,0.9805825242718447,0.9902912621359223
D5,sensitivity,6,5,CD3,1.0,1.0,1.0,1.0,1.0
D5,sensitivity,6,5,CD4,1.0,0.9902912621359223,0.9902912621359223,0.019417475728155338,0.9902912621359223
D5,sensitivity,6,5,CD5,1.0,1.0,1.0,0.9902912621359223,1.0
D5,sensitivity,6,5,T1,1.0,1.0,0.9902912621359223,0.9902912621359223,0.9902912621359223
D5,sensitivity,6,5,T2,1.0,1.0,1.0,1.0,1.0
D5,sensitivity,6,5,T3,1.0,1.0,1.0,0.009708737864077669,1.0
D5,sensitivity,6,5,T4,1.0,1.0,0.9902912621359223,0.019417475728155338,0.9902912621359223
D5,sensitivity,6,5,T5,1.0,1.0,1.0,0.9902912621359223,1.0
D5,sensitivity,6,5,CT1,1.0,0.9902912621359223,0.9805825242718447,0.0,0.9805825242718447
D5,sensitivity,6,5,CT2,1.0,1.0,0.9805825242718447,0.009708737864077669,0.9805825242718447
D5,sensitivity,6,5,CT3,1.0,1.0,1.0,1.0,1.0
D5,sensitivity,6,5,CT4,1.0,1.0,1.0,0.009708737864077669,1.0
D5,sensitivity,6,5,CT5,1.0,1.0,1.0,0.02912621359223301,1.0
D5,sensitivity,6,5,AD1,1.0,1.0,1.0,0.9902912621359223,1.0
D5,sensitivity,6,5,AD2,1.0,1.0,1.0,0.9902912621359223,1.0
D5,sensitivity,6,5,AD3,1.0,1.0,1.0,1.0,1.0
D5,sensitivity,6,5,AD4,1.0,1.0,1.0,0.009708737864077669,1.0
D5,sensitivity,6,5,AD5,1.0,1.0,1.0,0.9902912621359223,1.0
D5,sensitivity,6,6,U1,1.0,1.0,1.0,1.0,1.0
D5,sensitivity,6,6,U2,1.0,1.0,1.0,1.0,1.0
D5,sensitivity,6,6,U3,1.0,1.0,1.0,0.0,1.0
D5,sensitivity,6,6,U4,1.0,1.0,1.0,1.0,1.0
D5,sensitivity,6,6,U5,1.0,1.0,1.0,0.0,1.0
D5,sensitivity,6,6,CD1,1.0,1.0,1.0,0.0,1.0
D5,sensitivity,6,6,CD2,1.0,1.0,1.0,1.0,1.0
D5,sensitivity,6,6,CD3,1.0,1.0,0.0,0.0,0.0
D5,sensitivity,6,6,CD4,1.0,1.0,0.0,0.0,0.0
D5,sensitivity,6,6,CD5,1.0,1.0,1.0,1.0,1.0
D5,sensitivity,6,6,T1,1.0,1.0,1.0,0.0,1.0
D5,sensitivity,6,6,T2,1.0,1.0,1.0,0.0,1.0
D5,sensitivity,6,6,T3,1.0,1.0,1.0,1.0,1.0
D5,sensitivity,6,6,T4,1.0,1.0,0.0,0.0,0.0
D5,sensitivity,6,6,T5,1.0,1.0,1.0,1.0,1.0
D5,sensitivity,6,6,CT1,1.0,1.0,1.0,1.0,1.0
D5,sensitivity,6,6,CT2,1.0,1.0,1.0,1.0,1.0
D5,sensitivity,6,6,CT3,1.0,1.0,1.0,1.0,1.0
D5,sensitivity,6,6,CT4,1.0,1.0,1.0,1.0,1.0
D5,sensitivity,6,6,CT5,1.0,1.0,1.0,1.0,1.0
D5,sensitivity,6,6,AD1,1.0,1.0,0.0,0.0,0.0
D5,sensitivity,6,6,AD2,1.0,1.0,0.0,0.0,0.0
D5,sensitivity,6,6,AD3,1.0,1.0,1.0,1.0,1.0
D5,sensitivity,6,6,AD4,1.0,1.0,1.0,1.0,1.0
D5,sensitivity,6,6,AD5,1.0,1.0,0.0,0.0,0.0
D3,full,2,1,D3_1,0.8998699609882965,0.2964889466840052,0.16905071521456436,0.018205461638491547,0.16905071521456436
D3,full,2,1,D3_2,0.8244473342002601,0.29908972691807545,0.1508452535760728,0.02340702210663199,0.1508452535760728
D3,full,2,1,D3_3,0.9921976592977894,0.9193758127438232,0.8101430429128739,0.24317295188556567,0.8101430429128739
D3,full,2,1,D3_4,0.9986996098829649,0.9505851755526658,0.8049414824447334,0.24577373211963588,0.8049414824447334
D3,full,2,1,D3_5,1.0,0.951885565669701,0.7828348504551366,0.21456436931079323,0.7828348504551366
D3,full,2,1,D3_6,0.9973992197659298,0.9492847854356307,0.7633289986996099,0.1976592977893368,0.7633289986996099
D3,full,2,1,D3_7,0.9973992197659298,0.9427828348504551,0.7737321196358907,0.15864759427828348,0.7737321196358907
D3,full,2,1,D3_8,0.9960988296488946,0.9726918075422627,0.812743823146944,0.20286085825747724,0.812743823146944
D3,full,2,1,D3_9,0.9934980494148244,0.9635890767230169,0.8452535760728218,0.4044213263979194,0.8452535760728218
D3,full,2,2,D3_1,0.991044776119403,0.9582089552238806,0.9014925373134328,0.05970149253731343,0.9014925373134328
D3,full,2,2,D3_2,0.9970149253731343,0.9701492537313433,0.8925373134328358,0.16417910447761194,0.8925373134328358
D3,full,2,2,D3_3,0.9104477611940298,0.18208955223880596,0.09253731343283582,0.014925373134328358,0.09253731343283582
D3,full,2,2,D3_4,0.8507462686567164,0.1791044776119403,0.041791044776119404,0.0,0.041791044776119404
D3,full,2,2,D3_5,0.8895522388059701,0.20597014925373133,0.05373134328358209,0.005970149253731343,0.05373134328358209
D3,full,2,2,D3_6,0.9014925373134328,0.2,0.03283582089552239,0.0,0.03283582089552239
D3,full,2,2,D3_7,0.826865671641791,0.16716417910447762,0.050746268656716415,0.005970149253731343,0.050746268656716415
D3,full,2,2,D3_8,0.8477611940298507,0.19402985074626866,0.041791044776119404,0.008955223880597015,0.041791044776119404
D3,full,2,2,D3_9,0.5283582089552239,0.11641791044776119,0.029850746268656716,0.005970149253731343,0.029850746268656716
D3,full,3,1,D3_1,0.8601941747572815,0.05436893203883495,0.003883495145631068,0.0,0.003883495145631068
D3,full,3,1,D3_2,0.7495145631067961,0.0912621359223301,0.019417475728155338,0.0,0.019417475728155338
D3,full,3,1,D3_3,0.9922330097087378,0.9514563106796117,0.8854368932038835,0.27184466019417475,0.8854368932038835
D3,full,3,1,D3_4,1.0,0.9941747572815534,0.9087378640776699,0.3300970873786408,0.9087378640776699
D3,full,3,1,D3_5,1.0,0.9864077669902913,0.8776699029126214,0.2543689320388349,0.8776699029126214
D3,full,3,1,D3_6,0.9980582524271845,0.9786407766990292,0.8679611650485437,0.23883495145631067,0.8679611650485437
D3,full,3,1,D3_7,0.9980582524271845,0.9922330097087378,0.8854368932038835,0.20388349514563106,0.8854368932038835
D3,full,3,1,D3_8,0.996116504854369,0.9902912621359223,0.9223300970873787,0.2504854368932039,0.9223300970873787
D3,full,3,1,D3_9,0.9941747572815534,0.9902912621359223,0.9553398058252427,0.5184466019417475,0.9553398058252427
D3,full,3,2,D3_1,0.9792387543252595,0.7993079584775087,0.5121107266435986,0.058823529411764705,0.5121107266435986
D3,full,3,2,D3_2,0.9792387543252595,0.7508650519031141,0.4290657439446367,0.0726643598615917,0.4290657439446367
D3,full,3,2,D3_3,0.9896193771626297,0.8131487889273357,0.5951557093425606,0.1695501730103806,0.5951557093425606
D3,full,3,2,D3_4,0.9965397923875432,0.8373702422145328,0.5397923875432526,0.0657439446366782,0.5397923875432526
D3,full,3,2,D3_5,1.0,0.8581314878892734,0.5640138408304498,0.1245674740484429,0.5640138408304498
D3,full,3,2,D3_6,0.9965397923875432,0.8442906574394463,0.5017301038062284,0.10034602076124567,0.5017301038062284
D3,full,3,2,D3_7,0.9930795847750865,0.8235294117647058,0.5155709342560554,0.06228373702422145,0.5155709342560554
D3,full,3,2,D3_8,0.9965397923875432,0.9307958477508651,0.5536332179930796,0.10380622837370242,0.5536332179930796
D3,full,3,2,D3_9,0.9896193771626297,0.8719723183391004,0.5674740484429066,0.1522491349480969,0.5674740484429066
D3,full,3,3,D3_1,0.9933333333333333,0.9666666666666667,0.94,0.056666666666666664,0.94
D3,full,3,3,D3_2,0.9966666666666667,0.97,0.9366666666666666,0.17333333333333334,0.9366666666666666
D3,full,3,3,D3_3,0.9033333333333333,0.14333333333333334,0.08666666666666667,0.01,0.08666666666666667
D3,full,3,3,D3_4,0.8333333333333334,0.12333333333333334,0.03,0.0,0.03
D3,full,3,3,D3_5,0.8766666666666667,0.15,0.016666666666666666,0.0,0.016666666666666666
D3,full,3,3,D3_6,0.89,0.16333333333333333,0.02,0.0,0.02
D3,full,3,3,D3_7,0.81,0.10666666666666667,0.023333333333333334,0.0033333333333333335,0.023333333333333334
D3,full,3,3,D3_8,0.83,0.11333333333333333,0.013333333333333334,0.0,0.013333333333333334
D3,full,3,3,D3_9,0.4766666666666667,0.06,0.013333333333333334,0.006666666666666667,0.013333333333333334
D3,full,4,1,D3_1,0.8641732283464567,0.05905511811023622,0.001968503937007874,0.0,0.001968503937007874
D3,full,4,1,D3_2,0.7559055118110236,0.08661417322834646,0.00984251968503937,0.0,0.00984251968503937
D3,full,4,1,D3_3,0.9921259842519685,0.9507874015748031,0.8818897637795275,0.27165354330708663,0.8818897637795275
D3,full,4,1,D3_4,1.0,0.9940944881889764,0.9035433070866141,0.33070866141732286,0.9035433070866141
D3,full,4,1,D3_5,1.0,0.9862204724409449,0.8818897637795275,0.25,0.8818897637795275
D3,full,4,1,D3_6,0.9980314960629921,0.984251968503937,0.8700787401574803,0.2421259842519685,0.8700787401574803
D3,full,4,1,D3_7,1.0,0.9960629921259843,0.8877952755905512,0.2047244094488189,0.8877952755905512
D3,full,4,1,D3_8,0.9980314960629921,0.9960629921259843,0.9291338582677166,0.25,0.9291338582677166
D3,full,4,1,D3_9,0.9960629921259843,0.9940944881889764,0.9645669291338582,0.5255905511811023,0.9645669291338582
D3,full,4,2,D3_1,0.9463087248322147,0.5771812080536913,0.2751677852348993,0.03355704697986577,0.2751677852348993
D3,full,4,2,D3_2,0.9261744966442953,0.6308724832214765,0.20134228187919462,0.020134228187919462,0.20134228187919462
D3,full,4,2,D3_3,0.9865771812080537,0.8456375838926175,0.5436241610738255,0.12751677852348994,0.5436241610738255
D3,full,4,2,D3_4,0.9798657718120806,0.8120805369127517,0.38926174496644295,0.0738255033557047,0.38926174496644295
D3,full,4,2,D3_5,1.0,0.8120805369127517,0.38926174496644295,0.087248322147651,0.38926174496644295
D3,full,4,2,D3_6,0.9932885906040269,0.7449664429530202,0.2348993288590604,0.026845637583892617,0.2348993288590604
D3,full,4,2,D3_7,0.9530201342281879,0.6711409395973155,0.2348993288590604,0.006711409395973154,0.2348993288590604
D3,full,4,2,D3_8,0.9798657718120806,0.8322147651006712,0.2550335570469799,0.03355704697986577,0.2550335570469799
D3,full,4,2,D3_9,0.9731543624161074,0.7181208053691275,0.16778523489932887,0.0,0.16778523489932887
D3,full,4,3,D3_1,0.9932203389830508,0.9796610169491525,0.9525423728813559,0.0576271186440678,0.9525423728813559
D3,full,4,3,D3_2,1.0,0.9796610169491525,0.9491525423728814,0.17627118644067796,0.9491525423728814
D3,full,4,3,D3_3,0.9016949152542373,0.1288135593220339,0.07796610169491526,0.010169491525423728,0.07796610169491526
D3,full,4,3,D3_4,0.8406779661016949,0.11864406779661017,0.030508474576271188,0.0,0.030508474576271188
D3,full,4,3,D3_5,0.8745762711864407,0.13898305084745763,0.01694915254237288,0.0,0.01694915254237288
D3,full,4,3,D3_6,0.888135593220339,0.15593220338983052,0.020338983050847456,0.0,0.020338983050847456
D3,full,4,3,D3_7,0.8203389830508474,0.10847457627118644,0.02711864406779661,0.003389830508474576,0.02711864406779661
D3,full,4,3,D3_8,0.8305084745762712,0.10847457627118644,0.013559322033898305,0.0,0.013559322033898305
D3,full,4,3,D3_9,0.46779661016949153,0.061016949152542375,0.01694915254237288,0.006779661016949152,0.01694915254237288
D3,full,4,4,D3_1,0.993421052631579,0.9473684210526315,0.7171052631578947,0.07894736842105263,0.7171052631578947
D3,full,4,4,D3_2,0.993421052631579,0.8421052631578947,0.6578947368421053,0.11842105263157894,0.6578947368421053
D3,full,4,4,D3_3,0.993421052631579,0.7960526315789473,0.6710526315789473,0.21052631578947367,0.6710526315789473
D3,full,4,4,D3_4,0.993421052631579,0.8552631578947368,0.7039473684210527,0.06578947368421052,0.7039473684210527
D3,full,4,4,D3_5,1.0,0.9078947368421053,0.7171052631578947,0.17763157894736842,0.7171052631578947
D3,full,4,4,D3_6,1.0,0.9210526315789473,0.756578947368421,0.16447368421052633,0.756578947368421
D3,full,4,4,D3_7,1.0,0.9407894736842105,0.7763157894736842,0.11842105263157894,0.7763157894736842
D3,full,4,4,D3_8,1.0,0.993421052631579,0.8223684210526315,0.17763157894736842,0.8223684210526315
D3,full,4,4,D3_9,1.0,0.9868421052631579,0.9210526315789473,0.2894736842105263,0.9210526315789473
D3,full,5,1,D3_1,0.848,0.068,0.008,0.0,0.008
D3,full,5,1,D3_2,0.784,0.112,0.028,0.0,0.028
D3,full,5,1,D3_3,0.992,0.948,0.876,0.304,0.876
D3,full,5,1,D3_4,1.0,0.988,0.904,0.296,0.904
D3,full,5,1,D3_5,1.0,0.98,0.876,0.252,0.876
D3,full,5,1,D3_6,1.0,0.992,0.868,0.224,0.868
D3,full,5,1,D3_7,1.0,0.992,0.864,0.24,0.864
D3,full,5,1,D3_8,0.996,0.992,0.932,0.376,0.932
D3,full,5,1,D3_9,0.992,0.988,0.92,0.0,0.92
D3,full,5,2,D3_1,0.8819188191881919,0.06642066420664207,0.01107011070110701,0.0,0.01107011070110701
D3,full,5,2,D3_2,0.7380073800738007,0.08856088560885608,0.01845018450184502,0.0,0.01845018450184502
D3,full,5,2,D3_3,0.992619926199262,0.9520295202952029,0.8892988929889298,0.24354243542435425,0.8892988929889298
D3,full,5,2,D3_4,1.0,0.996309963099631,0.9003690036900369,0.35424354243542433,0.9003690036900369
D3,full,5,2,D3_5,1.0,0.992619926199262,0.8856088560885609,0.24723247232472326,0.8856088560885609
D3,full,5,2,D3_6,0.996309963099631,0.977859778597786,0.8708487084870848,0.25461254612546125,0.8708487084870848
D3,full,5,2,D3_7,1.0,0.996309963099631,0.9040590405904059,0.16605166051660517,0.9040590405904059
D3,full,5,2,D3_8,1.0,1.0,0.915129151291513,0.14022140221402213,0.915129151291513
D3,full,5,2,D3_9,1.0,1.0,1.0,1.0,1.0
D3,full,5,3,D3_1,0.9459459459459459,0.581081081081081,0.27702702702702703,0.033783783783783786,0.27702702702702703
D3,full,5,3,D3_2,0.9256756756756757,0.6351351351351351,0.20270270270270271,0.02027027027027027,0.20270270270270271
D3,full,5,3,D3_3,0.9864864864864865,0.8445945945945946,0.5405405405405406,0.12837837837837837,0.5405405405405406
D3,full,5,3,D3_4,0.9797297297297297,0.8175675675675675,0.3918918918918919,0.07432432432432433,0.3918918918918919
D3,full,5,3,D3_5,1.0,0.8108108108108109,0.38513513513513514,0.08783783783783784,0.38513513513513514
D3,full,5,3,D3_6,0.9932432432432432,0.7432432432432432,0.22972972972972974,0.02702702702702703,0.22972972972972974
D3,full,5,3,D3_7,0.9527027027027027,0.668918918918919,0.23648648648648649,0.006756756756756757,0.23648648648648649
D3,full,5,3,D3_8,0.9797297297297297,0.831081081081081,0.25675675675675674,0.033783783783783786,0.25675675675675674
D3,full,5,3,D3_9,0.972972972972973,0.7162162162162162,0.16216216216216217,0.0,0.16216216216216217
D3,full,5,4,D3_1,0.9932203389830508,0.9796610169491525,0.9525423728813559,0.0576271186440678,0.9525423728813559
D3,full,5,4,D3_2,1.0,0.9796610169491525,0.9491525423728814,0.17627118644067796,0.9491525423728814
D3,full,5,4,D3_3,0.9016949152542373,0.1288135593220339,0.07796610169491526,0.010169491525423728,0.07796610169491526
D3,full,5,4,D3_4,0.8406779661016949,0.11864406779661017,0.030508474576271188,0.0,0.030508474576271188
D3,full,5,4,D3_5,0.8745762711864407,0.13898305084745763,0.01694915254237288,0.0,0.01694915254237288
D3,full,5,4,D3_6,0.888135593220339,0.15593220338983052,0.020338983050847456,0.0,0.020338983050847456
D3,full,5,4,D3_7,0.8203389830508474,0.10847457627118644,0.02711864406779661,0.003389830508474576,0.02711864406779661
D3,full,5,4,D3_8,0.8305084745762712,0.10847457627118644,0.013559322033898305,0.0,0.013559322033898305
D3,full,5,4,D3_9,0.46779661016949153,0.061016949152542375,0.01694915254237288,0.006779661016949152,0.01694915254237288
D3,full,5,5,D3_1,1.0,0.9928571428571429,0.75,0.08571428571428572,0.75
D3,full,5,5,D3_2,1.0,0.8571428571428571,0.6642857142857143,0.12857142857142856,0.6642857142857143
D3,full,5,5,D3_3,0.9928571428571429,0.7857142857142857,0.65,0.2,0.65
D3,full,5,5,D3_4,0.9928571428571429,0.8428571428571429,0.6857142857142857,0.05714285714285714,0.6857142857142857
D3,full,5,5,D3_5,1.0,0.9,0.7071428571428572,0.17142857142857143,0.7071428571428572
D3,full,5,5,D3_6,1.0,0.9142857142857143,0.75,0.16428571428571428,0.75
D3,full,5,5,D3_7,1.0,0.9428571428571428,0.7714285714285715,0.12142857142857143,0.7714285714285715
D3,full,5,5,D3_8,1.0,0.9928571428571429,0.8285714285714286,0.15714285714285714,0.8285714285714286
D3,full,5,5,D3_9,1.0,0.9857142857142858,0.9285714285714286,0.2857142857142857,0.9285714285714286
D3,full,6,1,D3_1,0.8461538461538461,0.06882591093117409,0.008097165991902834,0.0,0.008097165991902834
D3,full,6,1,D3_2,0.7813765182186235,0.10526315789473684,0.020242914979757085,0.0,0.020242914979757085
D3,full,6,1,D3_3,0.9919028340080972,0.9473684210526315,0.8744939271255061,0.3076923076923077,0.8744939271255061
D3,full,6,1,D3_4,1.0,0.9919028340080972,0.9068825910931174,0.29959514170040485,0.9068825910931174
D3,full,6,1,D3_5,1.0,0.979757085020243,0.8744939271255061,0.2550607287449393,0.8744939271255061
D3,full,6,1,D3_6,1.0,0.9919028340080972,0.8663967611336032,0.22672064777327935,0.8663967611336032
D3,full,6,1,D3_7,1.0,0.9919028340080972,0.8663967611336032,0.242914979757085,0.8663967611336032
D3,full,6,1,D3_8,0.9959514170040485,0.9919028340080972,0.9352226720647774,0.3805668016194332,0.9352226720647774
D3,full,6,1,D3_9,0.9919028340080972,0.9878542510121457,0.9190283400809717,0.0,0.9190283400809717
D3,full,6,2,D3_1,0.8819188191881919,0.06642066420664207,0.01107011070110701,0.0,0.01107011070110701
D3,full,6,2,D3_2,0.7380073800738007,0.08856088560885608,0.01845018450184502,0.0,0.01845018450184502
D3,full,6,2,D3_3,0.992619926199262,0.9520295202952029,0.8892988929889298,0.24354243542435425,0.8892988929889298
D3,full,6,2,D3_4,1.0,0.996309963099631,0.9003690036900369,0.35424354243542433,0.9003690036900369
D3,full,6,2,D3_5,1.0,0.992619926199262,0.8856088560885609,0.24723247232472326,0.8856088560885609
D3,full,6,2,D3_6,0.996309963099631,0.977859778597786,0.8708487084870848,0.25461254612546125,0.8708487084870848
D3,full,6,2,D3_7,1.0,0.996309963099631,0.9040590405904059,0.16605166051660517,0.9040590405904059
D3,full,6,2,D3_8,1.0,1.0,0.915129151291513,0.14022140221402213,0.915129151291513
D3,full,6,2,D3_9,1.0,1.0,1.0,1.0,1.0
D3,full,6,3,D3_1,0.9448275862068966,0.5655172413793104,0.25517241379310346,0.034482758620689655,0.25517241379310346
D3,full,6,3,D3_2,0.9241379310344827,0.6206896551724138,0.1793103448275862,0.006896551724137931,0.1793103448275862
D3,full,6,3,D3_3,0.9862068965517241,0.8551724137931035,0.5517241379310345,0.1310344827586207,0.5517241379310345
D3,full,6,3,D3_4,0.9862068965517241,0.8137931034482758,0.4,0.07586206896551724,0.4
D3,full,6,3,D3_5,1.0,0.8068965517241379,0.38620689655172413,0.07586206896551724,0.38620689655172413
D3,full,6,3,D3_6,0.993103448275862,0.7586206896551724,0.2413793103448276,0.027586206896551724,0.2413793103448276
D3,full,6,3,D3_7,0.9586206896551724,0.6689655172413793,0.2413793103448276,0.006896551724137931,0.2413793103448276
D3,full,6,3,D3_8,0.9793103448275862,0.8344827586206897,0.2482758620689655,0.020689655172413793,0.2482758620689655
D3,full,6,3,D3_9,0.9724137931034482,0.7310344827586207,0.1724137931034483,0.0,0.1724137931034483
D3,full,6,4,D3_1,0.9930555555555556,0.9722222222222222,0.9375,0.0763888888888889,0.9375
D3,full,6,4,D3_2,1.0,0.9652777777777778,0.9166666666666666,0.25,0.9166666666666666
D3,full,6,4,D3_3,0.8541666666666666,0.1597222222222222,0.08333333333333333,0.013888888888888888,0.08333333333333333
D3,full,6,4,D3_4,0.7708333333333334,0.14583333333333334,0.041666666666666664,0.0,0.041666666666666664
D3,full,6,4,D3_5,0.8055555555555556,0.20833333333333334,0.034722222222222224,0.013888888888888888,0.034722222222222224
D3,full,6,4,D3_6,0.8125,0.1875,0.020833333333333332,0.0,0.020833333333333332
D3,full,6,4,D3_7,0.7083333333333334,0.1736111111111111,0.04861111111111111,0.006944444444444444,0.04861111111111111
D3,full,6,4,D3_8,0.7361111111111112,0.1527777777777778,0.041666666666666664,0.013888888888888888,0.041666666666666664
D3,full,6,4,D3_9,0.9861111111111112,0.13194444444444445,0.034722222222222224,0.013888888888888888,0.034722222222222224
D3,full,6,5,D3_1,0.9935483870967742,0.9870967741935484,0.967741935483871,0.03870967741935484,0.967741935483871
D3,full,6,5,D3_2,1.0,0.9935483870967742,0.9806451612903225,0.11612903225806452,0.9806451612903225
D3,full,6,5,D3_3,0.9483870967741935,0.10967741935483871,0.07741935483870968,0.0064516129032258064,0.07741935483870968
D3,full,6,5,D3_4,0.9032258064516129,0.10967741935483871,0.01935483870967742,0.0,0.01935483870967742
D3,full,6,5,D3_5,0.9419354838709677,0.0967741935483871,0.012903225806451613,0.0,0.012903225806451613
D3,full,6,5,D3_6,0.9612903225806452,0.12903225806451613,0.01935483870967742,0.0,0.01935483870967742
D3,full,6,5,D3_7,0.9225806451612903,0.06451612903225806,0.0064516129032258064,0.0,0.0064516129032258064
D3,full,6,5,D3_8,0.9225806451612903,0.08387096774193549,0.0,0.0,0.0
D3,full,6,5,D3_9,0.0,0.0,0.0,0.0,0.0
D3,full,6,6,D3_1,1.0,0.9788732394366197,0.7394366197183099,0.08450704225352113,0.7394366197183099
D3,full,6,6,D3_2,1.0,0.8591549295774648,0.6690140845070423,0.1267605633802817,0.6690140845070423
D3,full,6,6,D3_3,0.9929577464788732,0.7887323943661971,0.6549295774647887,0.19718309859154928,0.6549295774647887
D3,full,6,6,D3_4,0.9929577464788732,0.8450704225352113,0.6901408450704225,0.056338028169014086,0.6901408450704225
D3,full,6,6,D3_5,1.0,0.9014084507042254,0.7112676056338029,0.16901408450704225,0.7112676056338029
D3,full,6,6,D3_6,1.0,0.9154929577464789,0.7535211267605634,0.1619718309859155,0.7535211267605634
D3,full,6,6,D3_7,1.0,0.9436619718309859,0.7746478873239436,0.11971830985915492,0.7746478873239436
D3,full,6,6,D3_8,1.0,0.9929577464788732,0.8309859154929577,0.15492957746478872,0.8309859154929577
D3,full,6,6,D3_9,1.0,0.9859154929577465,0.9295774647887324,0.28169014084507044,0.9295774647887324
D3,sensitivity,2,1,D3_1,0.8990825688073395,0.290956749672346,0.1651376146788991,0.01834862385321101,0.1651376146788991
D3,sensitivity,2,1,D3_2,0.8230668414154653,0.2948885976408912,0.14809960681520315,0.023591087811271297,0.14809960681520315
D3,sensitivity,2,1,D3_3,0.9921363040629095,0.9187418086500655,0.8112712975098296,0.2437745740498034,0.8112712975098296
D3,sensitivity,2,1,D3_4,0.9986893840104849,0.9515072083879423,0.8073394495412844,0.24770642201834864,0.8073394495412844
D3,sensitivity,2,1,D3_5,1.0,0.9528178243774574,0.7850589777195282,0.2162516382699869,0.7850589777195282
D3,sensitivity,2,1,D3_6,0.9973787680209698,0.9488859764089121,0.7640891218872871,0.19921363040629095,0.7640891218872871
D3,sensitivity,2,1,D3_7,0.9973787680209698,0.9423328964613368,0.7745740498034076,0.15858453473132372,0.7745740498034076
D3,sensitivity,2,1,D3_8,0.9960681520314548,0.9724770642201835,0.8152031454783748,0.20445609436435125,0.8152031454783748
D3,sensitivity,2,1,D3_9,0.9947575360419397,0.9646133682830931,0.8479685452162516,0.4076015727391874,0.8479685452162516
D3,sensitivity,2,2,D3_1,0.9910714285714286,0.9583333333333334,0.9017857142857143,0.05952380952380952,0.9017857142857143
D3,sensitivity,2,2,D3_2,0.9970238095238095,0.9672619047619048,0.8898809523809523,0.1636904761904762,0.8898809523809523
D3,sensitivity,2,2,D3_3,0.9107142857142857,0.18452380952380953,0.09523809523809523,0.017857142857142856,0.09523809523809523
D3,sensitivity,2,2,D3_4,0.8511904761904762,0.17857142857142858,0.041666666666666664,0.0,0.041666666666666664
D3,sensitivity,2,2,D3_5,0.8898809523809523,0.20535714285714285,0.05357142857142857,0.005952380952380952,0.05357142857142857
D3,sensitivity,2,2,D3_6,0.9017857142857143,0.20238095238095238,0.03571428571428571,0.0,0.03571428571428571
D3,sensitivity,2,2,D3_7,0.8273809523809523,0.16964285714285715,0.05357142857142857,0.008928571428571428,0.05357142857142857
D3,sensitivity,2,2,D3_8,0.8482142857142857,0.19642857142857142,0.041666666666666664,0.008928571428571428,0.041666666666666664
D3,sensitivity,2,2,D3_9,0.5267857142857143,0.11607142857142858,0.02976190476190476,0.005952380952380952,0.02976190476190476
D3,sensitivity,3,1,D3_1,0.8604651162790697,0.0562015503875969,0.005813953488372093,0.0,0.005813953488372093
D3,sensitivity,3,1,D3_2,0.75,0.09108527131782945,0.01937984496124031,0.0,0.01937984496124031
D3,sensitivity,3,1,D3_3,0.9922480620155039,0.9515503875968992,0.8856589147286822,0.2713178294573643,0.8856589147286822
D3,sensitivity,3,1,D3_4,1.0,0.9941860465116279,0.9089147286821705,0.32945736434108525,0.9089147286821705
D3,sensitivity,3,1,D3_5,1.0,0.9864341085271318,0.877906976744186,0.25387596899224807,0.877906976744186
D3,sensitivity,3,1,D3_6,0.998062015503876,0.9786821705426356,0.8682170542635659,0.23837209302325582,0.8682170542635659
D3,sensitivity,3,1,D3_7,0.998062015503876,0.9922480620155039,0.8856589147286822,0.20348837209302326,0.8856589147286822
D3,sensitivity,3,1,D3_8,0.9961240310077519,0.9903100775193798,0.9224806201550387,0.25,0.9224806201550387
D3,sensitivity,3,1,D3_9,0.9941860465116279,0.9903100775193798,0.9554263565891473,0.5174418604651163,0.9554263565891473
D3,sensitivity,3,2,D3_1,0.9787985865724381,0.7950530035335689,0.508833922261484,0.06007067137809187,0.508833922261484
D3,sensitivity,3,2,D3_2,0.9787985865724381,0.7491166077738516,0.4275618374558304,0.07420494699646643,0.4275618374558304
D3,sensitivity,3,2,D3_3,0.9893992932862191,0.8091872791519434,0.5936395759717314,0.17314487632508835,0.5936395759717314
D3,sensitivity,3,2,D3_4,0.9964664310954063,0.833922261484099,0.5371024734982333,0.06713780918727916,0.5371024734982333
D3,sensitivity,3,2,D3_5,1.0,0.8551236749116607,0.5618374558303887,0.127208480565371,0.5618374558303887
D3,sensitivity,3,2,D3_6,0.9964664310954063,0.8409893992932862,0.49823321554770317,0.10247349823321555,0.49823321554770317
D3,sensitivity,3,2,D3_7,0.9929328621908127,0.8197879858657244,0.5123674911660777,0.0636042402826855,0.5123674911660777
D3,sensitivity,3,2,D3_8,0.9964664310954063,0.9293286219081273,0.5512367491166078,0.10600706713780919,0.5512367491166078
D3,sensitivity,3,2,D3_9,0.9893992932862191,0.8692579505300353,0.5653710247349824,0.15547703180212014,0.5653710247349824
D3,sensitivity,3,3,D3_1,0.9933333333333333,0.9666666666666667,0.94,0.056666666666666664,0.94
D3,sensitivity,3,3,D3_2,0.9966666666666667,0.97,0.9366666666666666,0.17333333333333334,0.9366666666666666
D3,sensitivity,3,3,D3_3,0.9033333333333333,0.14333333333333334,0.08666666666666667,0.01,0.08666666666666667
D3,sensitivity,3,3,D3_4,0.8333333333333334,0.12333333333333334,0.03,0.0,0.03
D3,sensitivity,3,3,D3_5,0.8766666666666667,0.15,0.016666666666666666,0.0,0.016666666666666666
D3,sensitivity,3,3,D3_6,0.89,0.16333333333333333,0.02,0.0,0.02
D3,sensitivity,3,3,D3_7,0.81,0.10666666666666667,0.023333333333333334,0.0033333333333333335,0.023333333333333334
D3,sensitivity,3,3,D3_8,0.83,0.11333333333333333,0.013333333333333334,0.0,0.013333333333333334
D3,sensitivity,3,3,D3_9,0.4766666666666667,0.06,0.013333333333333334,0.006666666666666667,0.013333333333333334
D3,sensitivity,4,1,D3_1,0.8641732283464567,0.05905511811023622,0.001968503937007874,0.0,0.001968503937007874
D3,sensitivity,4,1,D3_2,0.7559055118110236,0.08661417322834646,0.00984251968503937,0.0,0.00984251968503937
D3,sensitivity,4,1,D3_3,0.9921259842519685,0.9507874015748031,0.8818897637795275,0.27165354330708663,0.8818897637795275
D3,sensitivity,4,1,D3_4,1.0,0.9940944881889764,0.9035433070866141,0.33070866141732286,0.9035433070866141
D3,sensitivity,4,1,D3_5,1.0,0.9862204724409449,0.8818897637795275,0.25,0.8818897637795275
D3,sensitivity,4,1,D3_6,0.9980314960629921,0.984251968503937,0.8700787401574803,0.2421259842519685,0.8700787401574803
D3,sensitivity,4,1,D3_7,1.0,0.9960629921259843,0.8877952755905512,0.2047244094488189,0.8877952755905512
D3,sensitivity,4,1,D3_8,0.9980314960629921,0.9960629921259843,0.9291338582677166,0.25,0.9291338582677166
D3,sensitivity,4,1,D3_9,0.9960629921259843,0.9940944881889764,0.9645669291338582,0.5255905511811023,0.9645669291338582
D3,sensitivity,4,2,D3_1,0.9455782312925171,0.5714285714285714,0.2789115646258503,0.034013605442176874,0.2789115646258503
D3,sensitivity,4,2,D3_2,0.9251700680272109,0.6258503401360545,0.20408163265306123,0.02040816326530612,0.20408163265306123
D3,sensitivity,4,2,D3_3,0.9863945578231292,0.8435374149659864,0.5510204081632653,0.1292517006802721,0.5510204081632653
D3,sensitivity,4,2,D3_4,0.9795918367346939,0.8095238095238095,0.3945578231292517,0.07482993197278912,0.3945578231292517
D3,sensitivity,4,2,D3_5,1.0,0.8095238095238095,0.3945578231292517,0.08843537414965986,0.3945578231292517
D3,sensitivity,4,2,D3_6,0.9931972789115646,0.7414965986394558,0.23809523809523808,0.027210884353741496,0.23809523809523808
D3,sensitivity,4,2,D3_7,0.9523809523809523,0.6666666666666666,0.23809523809523808,0.006802721088435374,0.23809523809523808
D3,sensitivity,4,2,D3_8,0.9795918367346939,0.8299319727891157,0.2585034013605442,0.034013605442176874,0.2585034013605442
D3,sensitivity,4,2,D3_9,0.9727891156462585,0.7142857142857143,0.17006802721088435,0.0,0.17006802721088435
D3,sensitivity,4,3,D3_1,0.9932203389830508,0.9796610169491525,0.9525423728813559,0.0576271186440678,0.9525423728813559
D3,sensitivity,4,3,D3_2,1.0,0.9796610169491525,0.9491525423728814,0.17627118644067796,0.9491525423728814
D3,sensitivity,4,3,D3_3,0.9016949152542373,0.1288135593220339,0.07796610169491526,0.010169491525423728,0.07796610169491526
D3,sensitivity,4,3,D3_4,0.8406779661016949,0.11864406779661017,0.030508474576271188,0.0,0.030508474576271188
D3,sensitivity,4,3,D3_5,0.8745762711864407,0.13898305084745763,0.01694915254237288,0.0,0.01694915254237288
D3,sensitivity,4,3,D3_6,0.888135593220339,0.15593220338983052,0.020338983050847456,0.0,0.020338983050847456
D3,sensitivity,4,3,D3_7,0.8203389830508474,0.10847457627118644,0.02711864406779661,0.003389830508474576,0.02711864406779661
D3,sensitivity,4,3,D3_8,0.8305084745762712,0.10847457627118644,0.013559322033898305,0.0,0.013559322033898305
D3,sensitivity,4,3,D3_9,0.46779661016949153,0.061016949152542375,0.01694915254237288,0.006779661016949152,0.01694915254237288
D3,sensitivity,4,4,D3_1,0.9932885906040269,0.9463087248322147,0.7114093959731543,0.08053691275167785,0.7114093959731543
D3,sensitivity,4,4,D3_2,0.9932885906040269,0.8389261744966443,0.6510067114093959,0.12080536912751678,0.6510067114093959
D3,sensitivity,4,4,D3_3,0.9932885906040269,0.7919463087248322,0.6644295302013423,0.21476510067114093,0.6644295302013423
D3,sensitivity,4,4,D3_4,0.9932885906040269,0.8523489932885906,0.697986577181208,0.06711409395973154,0.697986577181208
D3,sensitivity,4,4,D3_5,1.0,0.9060402684563759,0.7114093959731543,0.18120805369127516,0.7114093959731543
D3,sensitivity,4,4,D3_6,1.0,0.9194630872483222,0.7516778523489933,0.16778523489932887,0.7516778523489933
D3,sensitivity,4,4,D3_7,1.0,0.9395973154362416,0.7718120805369127,0.12080536912751678,0.7718120805369127
D3,sensitivity,4,4,D3_8,1.0,0.9932885906040269,0.8187919463087249,0.18120805369127516,0.8187919463087249
D3,sensitivity,4,4,D3_9,1.0,0.9865771812080537,0.9194630872483222,0.2953020134228188,0.9194630872483222
D3,sensitivity,5,1,D3_1,0.8467741935483871,0.06854838709677419,0.008064516129032258,0.0,0.008064516129032258
D3,sensitivity,5,1,D3_2,0.782258064516129,0.10887096774193548,0.024193548387096774,0.0,0.024193548387096774
D3,sensitivity,5,1,D3_3,0.9919354838709677,0.9475806451612904,0.875,0.3064516129032258,0.875
D3,sensitivity,5,1,D3_4,1.0,0.9919354838709677,0.9112903225806451,0.29838709677419356,0.9112903225806451
D3,sensitivity,5,1,D3_5,1.0,0.9798387096774194,0.875,0.25,0.875
D3,sensitivity,5,1,D3_6,1.0,0.9919354838709677,0.8669354838709677,0.2217741935483871,0.8669354838709677
D3,sensitivity,5,1,D3_7,1.0,0.9959677419354839,0.8709677419354839,0.24193548387096775,0.8709677419354839
D3,sensitivity,5,1,D3_8,0.9959677419354839,0.9919354838709677,0.9354838709677419,0.375,0.9354838709677419
D3,sensitivity,5,1,D3_9,0.9919354838709677,0.9879032258064516,0.9193548387096774,0.0,0.9193548387096774
D3,sensitivity,5,2,D3_1,0.8819188191881919,0.06642066420664207,0.01107011070110701,0.0,0.01107011070110701
D3,sensitivity,5,2,D3_2,0.7380073800738007,0.08856088560885608,0.01845018450184502,0.0,0.01845018450184502
D3,sensitivity,5,2,D3_3,0.992619926199262,0.9520295202952029,0.8892988929889298,0.24354243542435425,0.8892988929889298
D3,sensitivity,5,2,D3_4,1.0,0.996309963099631,0.9003690036900369,0.35424354243542433,0.9003690036900369
D3,sensitivity,5,2,D3_5,1.0,0.992619926199262,0.8856088560885609,0.24723247232472326,0.8856088560885609
D3,sensitivity,5,2,D3_6,0.996309963099631,0.977859778597786,0.8708487084870848,0.25461254612546125,0.8708487084870848
D3,sensitivity,5,2,D3_7,1.0,0.996309963099631,0.9040590405904059,0.16605166051660517,0.9040590405904059
D3,sensitivity,5,2,D3_8,1.0,1.0,0.915129151291513,0.14022140221402213,0.915129151291513
D3,sensitivity,5,2,D3_9,1.0,1.0,1.0,1.0,1.0
D3,sensitivity,5,3,D3_1,0.9455782312925171,0.5714285714285714,0.2789115646258503,0.034013605442176874,0.2789115646258503
D3,sensitivity,5,3,D3_2,0.9251700680272109,0.6258503401360545,0.20408163265306123,0.02040816326530612,0.20408163265306123
D3,sensitivity,5,3,D3_3,0.9863945578231292,0.8435374149659864,0.5510204081632653,0.1292517006802721,0.5510204081632653
D3,sensitivity,5,3,D3_4,0.9795918367346939,0.8095238095238095,0.3945578231292517,0.07482993197278912,0.3945578231292517
D3,sensitivity,5,3,D3_5,1.0,0.8095238095238095,0.3945578231292517,0.08843537414965986,0.3945578231292517
D3,sensitivity,5,3,D3_6,0.9931972789115646,0.7414965986394558,0.23809523809523808,0.027210884353741496,0.23809523809523808
D3,sensitivity,5,3,D3_7,0.9523809523809523,0.6666666666666666,0.23809523809523808,0.006802721088435374,0.23809523809523808
D3,sensitivity,5,3,D3_8,0.9795918367346939,0.8299319727891157,0.2585034013605442,0.034013605442176874,0.2585034013605442
D3,sensitivity,5,3,D3_9,0.9727891156462585,0.7142857142857143,0.17006802721088435,0.0,0.17006802721088435
D3,sensitivity,5,4,D3_1,0.9932203389830508,0.9796610169491525,0.9525423728813559,0.0576271186440678,0.9525423728813559
D3,sensitivity,5,4,D3_2,1.0,0.9796610169491525,0.9491525423728814,0.17627118644067796,0.9491525423728814
D3,sensitivity,5,4,D3_3,0.9016949152542373,0.1288135593220339,0.07796610169491526,0.010169491525423728,0.07796610169491526
D3,sensitivity,5,4,D3_4,0.8406779661016949,0.11864406779661017,0.030508474576271188,0.0,0.030508474576271188
D3,sensitivity,5,4,D3_5,0.8745762711864407,0.13898305084745763,0.01694915254237288,0.0,0.01694915254237288
D3,sensitivity,5,4,D3_6,0.888135593220339,0.15593220338983052,0.020338983050847456,0.0,0.020338983050847456
D3,sensitivity,5,4,D3_7,0.8203389830508474,0.10847457627118644,0.02711864406779661,0.003389830508474576,0.02711864406779661
D3,sensitivity,5,4,D3_8,0.8305084745762712,0.10847457627118644,0.013559322033898305,0.0,0.013559322033898305
D3,sensitivity,5,4,D3_9,0.46779661016949153,0.061016949152542375,0.01694915254237288,0.006779661016949152,0.01694915254237288
D3,sensitivity,5,5,D3_1,1.0,0.9855072463768116,0.7391304347826086,0.08695652173913043,0.7391304347826086
D3,sensitivity,5,5,D3_2,1.0,0.855072463768116,0.6594202898550725,0.13043478260869565,0.6594202898550725
D3,sensitivity,5,5,D3_3,0.9927536231884058,0.782608695652174,0.644927536231884,0.2028985507246377,0.644927536231884
D3,sensitivity,5,5,D3_4,0.9927536231884058,0.8405797101449275,0.6739130434782609,0.057971014492753624,0.6739130434782609
D3,sensitivity,5,5,D3_5,1.0,0.8985507246376812,0.7028985507246377,0.18115942028985507,0.7028985507246377
D3,sensitivity,5,5,D3_6,1.0,0.9130434782608695,0.7463768115942029,0.17391304347826086,0.7463768115942029
D3,sensitivity,5,5,D3_7,1.0,0.9347826086956522,0.7608695652173914,0.12318840579710146,0.7608695652173914
D3,sensitivity,5,5,D3_8,1.0,0.9927536231884058,0.8260869565217391,0.16666666666666666,0.8260869565217391
D3,sensitivity,5,5,D3_9,1.0,0.9855072463768116,0.927536231884058,0.2898550724637681,0.927536231884058
D3,sensitivity,6,1,D3_1,0.8455284552845529,0.06910569105691057,0.008130081300813009,0.0,0.008130081300813009
D3,sensitivity,6,1,D3_2,0.7804878048780488,0.1016260162601626,0.016260162601626018,0.0,0.016260162601626018
D3,sensitivity,6,1,D3_3,0.991869918699187,0.9471544715447154,0.8739837398373984,0.3089430894308943,0.8739837398373984
D3,sensitivity,6,1,D3_4,1.0,0.991869918699187,0.9105691056910569,0.3008130081300813,0.9105691056910569
D3,sensitivity,6,1,D3_5,1.0,0.9796747967479674,0.8739837398373984,0.25203252032520324,0.8739837398373984
D3,sensitivity,6,1,D3_6,1.0,0.991869918699187,0.8658536585365854,0.22357723577235772,0.8658536585365854
D3,sensitivity,6,1,D3_7,1.0,0.9959349593495935,0.8699186991869918,0.24390243902439024,0.8699186991869918
D3,sensitivity,6,1,D3_8,0.9959349593495935,0.991869918699187,0.9349593495934959,0.3780487804878049,0.9349593495934959
D3,sensitivity,6,1,D3_9,0.991869918699187,0.9878048780487805,0.9186991869918699,0.0,0.9186991869918699
D3,sensitivity,6,2,D3_1,0.8819188191881919,0.06642066420664207,0.01107011070110701,0.0,0.01107011070110701
D3,sensitivity,6,2,D3_2,0.7380073800738007,0.08856088560885608,0.01845018450184502,0.0,0.01845018450184502
D3,sensitivity,6,2,D3_3,0.992619926199262,0.9520295202952029,0.8892988929889298,0.24354243542435425,0.8892988929889298
D3,sensitivity,6,2,D3_4,1.0,0.996309963099631,0.9003690036900369,0.35424354243542433,0.9003690036900369
D3,sensitivity,6,2,D3_5,1.0,0.992619926199262,0.8856088560885609,0.24723247232472326,0.8856088560885609
D3,sensitivity,6,2,D3_6,0.996309963099631,0.977859778597786,0.8708487084870848,0.25461254612546125,0.8708487084870848
D3,sensitivity,6,2,D3_7,1.0,0.996309963099631,0.9040590405904059,0.16605166051660517,0.9040590405904059
D3,sensitivity,6,2,D3_8,1.0,1.0,0.915129151291513,0.14022140221402213,0.915129151291513
D3,sensitivity,6,2,D3_9,1.0,1.0,1.0,1.0,1.0
D3,sensitivity,6,3,D3_1,0.9440559440559441,0.5594405594405595,0.25874125874125875,0.03496503496503497,0.25874125874125875
D3,sensitivity,6,3,D3_2,0.9230769230769231,0.6153846153846154,0.18181818181818182,0.006993006993006993,0.18181818181818182
D3,sensitivity,6,3,D3_3,0.986013986013986,0.8531468531468531,0.5594405594405595,0.13286713286713286,0.5594405594405595
D3,sensitivity,6,3,D3_4,0.986013986013986,0.8111888111888111,0.40559440559440557,0.07692307692307693,0.40559440559440557
D3,sensitivity,6,3,D3_5,1.0,0.8041958041958042,0.3916083916083916,0.07692307692307693,0.3916083916083916
D3,sensitivity,6,3,D3_6,0.993006993006993,0.7552447552447552,0.24475524475524477,0.027972027972027972,0.24475524475524477
D3,sensitivity,6,3,D3_7,0.958041958041958,0.6643356643356644,0.24475524475524477,0.006993006993006993,0.24475524475524477
D3,sensitivity,6,3,D3_8,0.9790209790209791,0.8321678321678322,0.2517482517482518,0.02097902097902098,0.2517482517482518
D3,sensitivity,6,3,D3_9,0.972027972027972,0.7272727272727273,0.17482517482517482,0.0,0.17482517482517482
D3,sensitivity,6,4,D3_1,0.9930555555555556,0.9722222222222222,0.9375,0.0763888888888889,0.9375
D3,sensitivity,6,4,D3_2,1.0,0.9652777777777778,0.9166666666666666,0.25,0.9166666666666666
D3,sensitivity,6,4,D3_3,0.8541666666666666,0.1597222222222222,0.08333333333333333,0.013888888888888888,0.08333333333333333
D3,sensitivity,6,4,D3_4,0.7708333333333334,0.14583333333333334,0.041666666666666664,0.0,0.041666666666666664
D3,sensitivity,6,4,D3_5,0.8055555555555556,0.20833333333333334,0.034722222222222224,0.013888888888888888,0.034722222222222224
D3,sensitivity,6,4,D3_6,0.8125,0.1875,0.020833333333333332,0.0,0.020833333333333332
D3,sensitivity,6,4,D3_7,0.7083333333333334,0.1736111111111111,0.04861111111111111,0.006944444444444444,0.04861111111111111
D3,sensitivity,6,4,D3_8,0.7361111111111112,0.1527777777777778,0.041666666666666664,0.013888888888888888,0.041666666666666664
D3,sensitivity,6,4,D3_9,0.9861111111111112,0.13194444444444445,0.034722222222222224,0.013888888888888888,0.034722222222222224
D3,sensitivity,6,5,D3_1,0.9935483870967742,0.9870967741935484,0.967741935483871,0.03870967741935484,0.967741935483871
D3,sensitivity,6,5,D3_2,1.0,0.9935483870967742,0.9806451612903225,0.11612903225806452,0.9806451612903225
D3,sensitivity,6,5,D3_3,0.9483870967741935,0.10967741935483871,0.07741935483870968,0.0064516129032258064,0.07741935483870968
D3,sensitivity,6,5,D3_4,0.9032258064516129,0.10967741935483871,0.01935483870967742,0.0,0.01935483870967742
D3,sensitivity,6,5,D3_5,0.9419354838709677,0.0967741935483871,0.012903225806451613,0.0,0.012903225806451613
D3,sensitivity,6,5,D3_6,0.9612903225806452,0.12903225806451613,0.01935483870967742,0.0,0.01935483870967742
D3,sensitivity,6,5,D3_7,0.9225806451612903,0.06451612903225806,0.0064516129032258064,0.0,0.0064516129032258064
D3,sensitivity,6,5,D3_8,0.9225806451612903,0.08387096774193549,0.0,0.0,0.0
D3,sensitivity,6,5,D3_9,0.0,0.0,0.0,0.0,0.0
D3,sensitivity,6,6,D3_1,1.0,0.9714285714285714,0.7285714285714285,0.08571428571428572,0.7285714285714285
D3,sensitivity,6,6,D3_2,1.0,0.8571428571428571,0.6642857142857143,0.12857142857142856,0.6642857142857143
D3,sensitivity,6,6,D3_3,0.9928571428571429,0.7857142857142857,0.65,0.2,0.65
D3,sensitivity,6,6,D3_4,0.9928571428571429,0.8428571428571429,0.6785714285714286,0.05714285714285714,0.6785714285714286
D3,sensitivity,6,6,D3_5,1.0,0.9,0.7071428571428572,0.17857142857142858,0.7071428571428572
D3,sensitivity,6,6,D3_6,1.0,0.9142857142857143,0.75,0.17142857142857143,0.75
D3,sensitivity,6,6,D3_7,1.0,0.9357142857142857,0.7642857142857142,0.12142857142857143,0.7642857142857142
D3,sensitivity,6,6,D3_8,1.0,0.9928571428571429,0.8285714285714286,0.16428571428571428,0.8285714285714286
D3,sensitivity,6,6,D3_9,1.0,0.9857142857142858,0.9285714285714286,0.2857142857142857,0.9285714285714286
